S.No.,Remote Work Status,City type,Education,Job Title,Years of Experience,Performance Rating,Salary
600,On-Site,Non-Metro,Diploma, Executive ,12.721,9.24,"114,131.49"
517,Remote,Metro,Bachelor's, Executive ,7.348,5.4,"98,272.17"
431,On-Site,Metro,Master's, Executive ,6.353,5.28,"102,835.81"
243,Remote,Non-Metro,Master's, Executive ,10.731,9.6,"117,847.54"
988,On-Site,Non-Metro,Diploma, Executive ,8.343,8.4,"101,060.98"
820,Remote,Non-Metro,Diploma, Manager ,5.557,6.96,"117,589.43"
960,Remote,Metro,Diploma, Executive ,9.139,8.76,"108,367.41"
544,On-Site,Non-Metro,Bachelor's, Manager ,11.925,9.48,"133,796.73"
469,Remote,Non-Metro,Master's, Executive ,13.517,6.36,"107,172.73"
430,On-Site,Non-Metro,Diploma, Executive ,10.333,6.24,"95,222.45"
1231,On-Site,Metro,Diploma, Manager ,6.353,9.24,"129,164.59"
1163,On-Site,Metro,Bachelor's, Executive ,7.149,6.6,"96,884.69"
1212,Remote,Metro,Bachelor's, Executive ,3.965,7.68,"95,042.40"
1301,Remote,Metro,Bachelor's, Manager ,4.96,8.4,"123,661.49"
1196,On-Site,Non-Metro,Diploma, Executive ,12.323,5.28,"93,611.42"
141,Remote,Metro,Master's, Executive ,7.348,7.08,"102,809.90"
555,On-Site,Non-Metro,Master's, Executive ,6.552,6,"92,766.30"
578,Remote,Non-Metro,Master's, Manager ,8.144,6.72,"121,739.96"
489,Remote,Non-Metro,Bachelor's, Manager ,6.154,8.28,"117,244.56"
1028,On-Site,Metro,Diploma, Executive ,10.333,5.76,"96,211.82"
35,Remote,Metro,Master's, Manager ,12.92,6.36,"132,279.89"
981,Remote,Metro,Master's, Executive ,9.139,9.48,"111,951.25"
398,On-Site,Metro,Bachelor's, Executive ,9.139,5.52,"93,326.54"
1013,Remote,Non-Metro,Bachelor's, Executive ,6.154,10,"96,934.76"
144,On-Site,Metro,Diploma, Executive ,7.547,6.48,"93,479.22"
139,Remote,Non-Metro,Bachelor's, Executive ,11.328,9.48,"102,491.64"
1124,Remote,Non-Metro,Master's, Executive ,8.542,6.24,"94,932.25"
1143,On-Site,Non-Metro,Bachelor's, Executive ,10.731,9.24,"100,752.55"
341,Remote,Non-Metro,Master's, Executive ,6.751,5.88,"91,117.11"
804,Remote,Non-Metro,Bachelor's, Manager ,8.343,5.16,"108,632.91"
1020,On-Site,Non-Metro,Diploma, Executive ,5.557,5.52,"81,768.89"
877,Remote,Non-Metro,Master's, Executive ,7.547,8.88,"100,828.87"
1329,Remote,Non-Metro,Master's, Executive ,10.134,5.76,"94,973.13"
1289,On-Site,Metro,Master's, Manager ,5.159,5.4,"116,054.45"
926,Remote,Metro,Master's, Executive ,5.159,9,"102,650.19"
63,On-Site,Metro,Diploma, Executive ,10.731,10,"106,962.38"
474,On-Site,Non-Metro,Master's, Executive ,13.915,8.64,"108,299.17"
1207,Remote,Non-Metro,Master's, Executive ,6.353,10,"101,623.85"
1259,On-Site,Metro,Diploma, Executive ,12.124,9.6,"107,183.53"
83,Remote,Metro,Bachelor's, Manager ,11.129,5.64,"117,643.88"
521,On-Site,Non-Metro,Master's, Executive ,8.542,9,"101,268.84"
527,Remote,Non-Metro,Diploma, Executive ,5.358,5.28,"79,372.69"
380,On-Site,Metro,Bachelor's, Executive ,10.532,10,"105,362.45"
186,Remote,Metro,Master's, Manager ,4.562,7.32,"118,725.15"
624,On-Site,Metro,Master's, Manager ,5.756,5.16,"113,871.33"
859,On-Site,Non-Metro,Bachelor's, Executive ,6.751,6,"82,788.61"
807,Remote,Non-Metro,Diploma, Executive ,13.318,7.8,"96,885.99"
861,Remote,Non-Metro,Master's, Manager ,9.537,7.44,"119,906.65"
1123,On-Site,Non-Metro,Diploma, Manager ,6.353,9.36,"114,968.99"
388,On-Site,Metro,Diploma, Executive ,6.751,9,"96,242.48"
1216,Remote,Metro,Master's, Executive ,7.348,5.16,"91,897.81"
937,Remote,Metro,Master's, Executive ,11.527,8.28,"106,664.14"
884,On-Site,Non-Metro,Master's, Manager ,10.134,9.12,"125,224.45"
266,On-Site,Metro,Bachelor's, Manager ,4.562,8.52,"114,771.32"
584,Remote,Non-Metro,Bachelor's, Executive ,5.159,6.84,"82,363.15"
1040,On-Site,Metro,Diploma, Executive ,7.149,5.28,"85,636.27"
1219,Remote,Non-Metro,Master's, Manager ,8.94,8.52,"121,631.40"
228,On-Site,Non-Metro,Bachelor's, Executive ,6.353,9.96,"92,970.47"
162,Remote,Non-Metro,Bachelor's, Manager ,11.726,5.16,"109,314.59"
220,Remote,Non-Metro,Bachelor's, Executive ,9.736,5.88,"85,342.70"
103,On-Site,Non-Metro,Master's, Executive ,3.965,5.16,"81,403.17"
335,On-Site,Non-Metro,Master's, Executive ,7.149,8.16,"94,327.62"
1241,On-Site,Metro,Bachelor's, Manager ,11.726,9.24,"125,704.00"
740,On-Site,Metro,Master's, Manager ,8.343,6.48,"118,847.25"
15,On-Site,Metro,Bachelor's, Manager ,6.95,6.24,"110,059.83"
1187,Remote,Metro,Diploma, Manager ,12.124,5.4,"114,588.40"
292,Remote,Metro,Master's, Executive ,12.92,6.48,"101,866.24"
697,On-Site,Non-Metro,Master's, Executive ,13.318,9.36,"105,371.87"
329,On-Site,Non-Metro,Master's, Manager ,7.348,10,"121,937.83"
550,On-Site,Non-Metro,Bachelor's, Manager ,6.154,8.16,"108,817.40"
1197,Remote,Non-Metro,Diploma, Manager ,13.716,5.28,"110,705.06"
619,On-Site,Non-Metro,Bachelor's, Manager ,8.94,5.28,"104,221.35"
739,On-Site,Metro,Master's, Manager ,9.935,5.76,"117,881.84"
10,On-Site,Non-Metro,Diploma, Executive ,6.353,10,"91,396.08"
948,Remote,Metro,Master's, Manager ,8.94,7.44,"121,162.50"
853,On-Site,Non-Metro,Master's, Manager ,9.935,8.52,"120,496.43"
943,On-Site,Non-Metro,Master's, Executive ,4.96,5.16,"81,511.20"
1324,Remote,Non-Metro,Bachelor's, Manager ,11.328,8.04,"114,821.24"
116,Remote,Metro,Master's, Executive ,12.323,10,"110,017.71"
645,On-Site,Metro,Bachelor's, Executive ,6.154,8.16,"90,515.68"
659,On-Site,Non-Metro,Master's, Executive ,7.149,8.76,"94,343.38"
771,On-Site,Metro,Master's, Executive ,8.144,10,"104,153.40"
307,Remote,Non-Metro,Master's, Executive ,12.522,6.36,"94,631.96"
4,On-Site,Metro,Diploma, Executive ,13.119,6.96,"95,959.19"
638,On-Site,Non-Metro,Master's, Executive ,12.92,7.2,"97,300.86"
264,On-Site,Metro,Diploma, Manager ,13.119,5.28,"113,682.76"
1048,Remote,Metro,Bachelor's, Manager ,8.343,5.64,"108,255.13"
1097,Remote,Non-Metro,Master's, Manager ,7.547,9.12,"117,973.18"
356,Remote,Metro,Master's, Executive ,12.522,8.52,"105,024.67"
1004,Remote,Metro,Master's, Executive ,5.358,8.76,"96,037.13"
1140,On-Site,Non-Metro,Diploma, Manager ,5.358,5.28,"97,731.79"
1147,Remote,Metro,Master's, Manager ,4.761,10,"121,044.44"
1157,Remote,Metro,Bachelor's, Manager ,13.318,5.28,"113,158.44"
1316,Remote,Metro,Master's, Executive ,11.925,5.16,"94,480.23"
323,Remote,Metro,Master's, Manager ,4.96,7.08,"113,035.68"
331,On-Site,Non-Metro,Master's, Manager ,4.562,10,"115,783.70"
322,On-Site,Non-Metro,Master's, Executive ,10.532,6.12,"90,335.31"
965,On-Site,Metro,Diploma, Executive ,4.363,9.24,"90,006.86"
315,On-Site,Non-Metro,Master's, Manager ,11.527,6.24,"114,219.22"
1285,Remote,Metro,Master's, Manager ,7.945,10,"124,965.70"
124,Remote,Metro,Master's, Manager ,11.328,8.28,"124,543.86"
140,On-Site,Non-Metro,Master's, Executive ,7.149,5.64,"84,369.75"
540,Remote,Metro,Bachelor's, Executive ,7.149,9.36,"93,798.47"
616,Remote,Non-Metro,Bachelor's, Manager ,5.358,8.64,"106,653.51"
1250,On-Site,Metro,Master's, Manager ,12.323,6.84,"121,502.71"
889,On-Site,Metro,Master's, Executive ,9.537,5.64,"92,037.56"
293,On-Site,Metro,Bachelor's, Manager ,8.343,6,"107,780.11"
13,Remote,Metro,Master's, Executive ,11.527,5.76,"94,867.34"
30,On-Site,Metro,Master's, Manager ,5.756,6.72,"112,169.34"
252,Remote,Non-Metro,Master's, Manager ,10.731,10,"122,874.50"
668,On-Site,Non-Metro,Diploma, Manager ,4.761,7.8,"103,064.91"
666,On-Site,Metro,Bachelor's, Manager ,10.532,8.16,"116,490.27"
439,Remote,Non-Metro,Bachelor's, Executive ,12.721,9.24,"95,221.30"
857,Remote,Non-Metro,Bachelor's, Manager ,8.94,8.76,"111,040.48"
56,On-Site,Metro,Diploma, Manager ,9.537,9.96,"120,006.57"
455,Remote,Metro,Bachelor's, Executive ,7.945,6.84,"87,085.58"
1038,Remote,Non-Metro,Diploma, Manager ,5.756,8.4,"105,746.33"
604,Remote,Non-Metro,Bachelor's, Executive ,7.149,10,"89,855.93"
1112,Remote,Metro,Bachelor's, Manager ,13.915,7.56,"118,766.32"
117,On-Site,Metro,Bachelor's, Executive ,6.95,9.96,"94,295.62"
689,Remote,Non-Metro,Master's, Executive ,4.562,8.64,"88,407.57"
1132,On-Site,Metro,Master's, Executive ,4.96,6.24,"87,099.18"
260,Remote,Metro,Diploma, Manager ,10.532,5.28,"107,913.78"
662,Remote,Non-Metro,Bachelor's, Executive ,5.756,9.84,"87,399.28"
894,Remote,Metro,Bachelor's, Manager ,7.149,8.64,"112,785.88"
1193,On-Site,Non-Metro,Master's, Executive ,3.965,9.96,"91,179.22"
255,On-Site,Metro,Master's, Manager ,10.134,9,"123,425.94"
504,On-Site,Metro,Bachelor's, Manager ,3.965,5.28,"99,283.16"
403,Remote,Non-Metro,Diploma, Executive ,4.761,10,"86,356.36"
85,Remote,Non-Metro,Master's, Manager ,8.741,7.44,"112,187.65"
847,On-Site,Non-Metro,Master's, Executive ,9.338,9.12,"95,439.53"
1079,On-Site,Metro,Bachelor's, Manager ,4.363,6.36,"102,336.74"
952,Remote,Metro,Bachelor's, Manager ,4.761,9.12,"110,470.84"
846,On-Site,Non-Metro,Bachelor's, Manager ,13.716,10,"119,596.92"
657,On-Site,Non-Metro,Master's, Executive ,9.935,6.12,"87,741.83"
378,Remote,Metro,Bachelor's, Manager ,12.323,5.88,"111,141.06"
257,Remote,Metro,Diploma, Manager ,11.925,9.72,"121,184.87"
384,Remote,Non-Metro,Bachelor's, Executive ,6.751,7.2,"80,825.29"
809,Remote,Metro,Bachelor's, Executive ,12.522,5.16,"87,425.50"
630,On-Site,Non-Metro,Diploma, Manager ,8.144,8.28,"107,335.43"
1009,On-Site,Metro,Master's, Executive ,6.552,6,"87,667.51"
534,On-Site,Metro,Bachelor's, Executive ,8.144,7.44,"87,937.29"
31,On-Site,Metro,Master's, Manager ,9.935,5.64,"112,809.61"
931,On-Site,Metro,Bachelor's, Executive ,13.517,6.12,"91,157.90"
1071,On-Site,Metro,Bachelor's, Manager ,8.144,7.44,"109,685.18"
679,On-Site,Metro,Master's, Executive ,7.945,9.72,"99,562.17"
572,Remote,Non-Metro,Bachelor's, Executive ,5.358,5.16,"73,137.66"
700,Remote,Non-Metro,Bachelor's, Executive ,9.736,5.76,"80,407.11"
1022,On-Site,Non-Metro,Bachelor's, Manager ,9.139,5.64,"101,063.31"
3,On-Site,Metro,Bachelor's, Executive ,7.348,6.36,"83,705.62"
1319,Remote,Metro,Master's, Executive ,6.353,7.2,"90,423.65"
478,On-Site,Metro,Diploma, Executive ,8.144,6,"83,689.94"
391,Remote,Metro,Master's, Executive ,9.935,8.76,"99,235.31"
652,Remote,Non-Metro,Bachelor's, Executive ,6.353,9.36,"85,746.86"
176,On-Site,Non-Metro,Master's, Manager ,6.154,10,"114,616.92"
48,Remote,Non-Metro,Diploma, Executive ,7.746,6.36,"79,210.48"
644,Remote,Non-Metro,Diploma, Executive ,13.318,5.76,"84,567.90"
678,On-Site,Metro,Diploma, Manager ,13.716,10,"123,054.88"
537,On-Site,Non-Metro,Master's, Executive ,10.532,6.96,"89,881.04"
1224,Remote,Non-Metro,Bachelor's, Manager ,6.353,5.4,"96,214.34"
295,On-Site,Metro,Master's, Executive ,10.93,6,"92,408.14"
1135,Remote,Metro,Diploma, Executive ,8.94,6.36,"85,113.61"
1254,Remote,Non-Metro,Master's, Executive ,11.726,7.8,"93,391.06"
688,Remote,Metro,Bachelor's, Executive ,5.159,7.8,"84,034.82"
167,Remote,Non-Metro,Master's, Executive ,10.532,5.4,"85,221.65"
1242,Remote,Metro,Bachelor's, Manager ,5.159,10,"111,463.82"
246,Remote,Metro,Diploma, Executive ,7.149,9.48,"91,023.09"
456,On-Site,Metro,Master's, Executive ,11.726,10,"103,876.65"
406,Remote,Non-Metro,Master's, Executive ,9.537,9.24,"94,260.56"
415,Remote,Non-Metro,Diploma, Executive ,8.343,5.28,"76,327.38"
835,Remote,Metro,Diploma, Executive ,7.746,7.32,"85,843.14"
669,On-Site,Metro,Master's, Manager ,13.915,10,"128,034.07"
852,On-Site,Metro,Diploma, Executive ,9.537,10,"95,273.09"
1277,On-Site,Non-Metro,Master's, Executive ,12.124,5.64,"87,620.97"
992,Remote,Non-Metro,Master's, Executive ,10.333,7.56,"90,469.14"
444,On-Site,Non-Metro,Bachelor's, Executive ,5.756,10,"85,619.87"
567,On-Site,Non-Metro,Diploma, Executive ,7.348,7.56,"81,024.57"
423,On-Site,Metro,Master's, Manager ,10.532,7.8,"117,557.33"
40,Remote,Metro,Master's, Manager ,11.129,10,"124,195.24"
1093,On-Site,Metro,Master's, Executive ,8.542,5.76,"87,942.67"
50,Remote,Metro,Bachelor's, Manager ,12.721,7.32,"113,183.60"
204,On-Site,Non-Metro,Bachelor's, Manager ,11.527,6.24,"103,913.24"
958,On-Site,Metro,Diploma, Executive ,6.552,5.88,"79,973.44"
1094,On-Site,Non-Metro,Diploma, Manager ,9.736,5.64,"100,020.65"
747,On-Site,Metro,Master's, Executive ,7.945,7.08,"90,536.09"
1035,On-Site,Metro,Diploma, Executive ,8.144,10,"92,980.38"
773,Remote,Non-Metro,Master's, Executive ,7.945,8.28,"88,965.63"
306,On-Site,Metro,Diploma, Executive ,7.746,6.48,"82,953.60"
702,Remote,Non-Metro,Master's, Executive ,6.353,9,"88,863.81"
649,Remote,Metro,Master's, Executive ,7.746,5.16,"84,998.51"
1152,Remote,Non-Metro,Diploma, Executive ,6.154,9.96,"85,574.76"
506,On-Site,Metro,Diploma, Executive ,9.338,7.44,"87,443.89"
892,Remote,Non-Metro,Bachelor's, Executive ,5.955,7.32,"78,124.07"
290,On-Site,Metro,Bachelor's, Executive ,12.124,9.24,"95,751.41"
87,On-Site,Non-Metro,Diploma, Manager ,4.96,9.84,"104,963.85"
1191,On-Site,Non-Metro,Diploma, Executive ,7.746,6.72,"78,677.68"
82,On-Site,Non-Metro,Master's, Executive ,10.93,8.4,"92,670.49"
355,Remote,Non-Metro,Bachelor's, Executive ,13.915,5.16,"82,127.64"
1142,Remote,Non-Metro,Master's, Executive ,10.134,7.92,"90,358.37"
525,Remote,Metro,Bachelor's, Manager ,10.333,8.04,"111,242.61"
760,Remote,Metro,Bachelor's, Manager ,7.746,5.16,"100,271.14"
309,Remote,Metro,Master's, Executive ,13.915,9.96,"105,135.75"
1089,Remote,Metro,Bachelor's, Executive ,11.925,9.24,"95,118.17"
428,Remote,Non-Metro,Master's, Executive ,9.139,5.16,"81,568.47"
574,Remote,Non-Metro,Master's, Executive ,6.552,10,"91,231.41"
1118,On-Site,Metro,Bachelor's, Manager ,10.134,6,"105,368.23"
200,Remote,Non-Metro,Master's, Executive ,6.552,10,"91,210.59"
24,Remote,Non-Metro,Master's, Manager ,5.756,7.08,"103,618.03"
627,On-Site,Metro,Master's, Executive ,10.333,7.32,"93,408.69"
402,On-Site,Metro,Bachelor's, Executive ,12.124,8.64,"93,605.38"
878,Remote,Metro,Bachelor's, Executive ,9.139,6.96,"85,362.67"
305,On-Site,Non-Metro,Master's, Executive ,8.144,9.84,"92,639.80"
930,Remote,Metro,Bachelor's, Executive ,4.363,7.92,"81,895.33"
39,On-Site,Metro,Master's, Manager ,12.323,7.2,"116,685.94"
1211,On-Site,Metro,Diploma, Executive ,4.363,7.32,"80,230.20"
58,Remote,Metro,Bachelor's, Manager ,9.736,5.16,"102,325.57"
1181,On-Site,Non-Metro,Master's, Executive ,13.119,8.04,"93,884.36"
776,On-Site,Metro,Bachelor's, Executive ,7.746,9.12,"89,146.00"
1023,On-Site,Metro,Bachelor's, Manager ,4.761,8.64,"105,288.31"
637,On-Site,Non-Metro,Diploma, Executive ,7.547,5.28,"73,980.29"
1336,On-Site,Non-Metro,Bachelor's, Executive ,6.353,5.16,"72,145.37"
164,On-Site,Non-Metro,Master's, Executive ,5.955,6.84,"81,655.23"
1332,Remote,Non-Metro,Master's, Executive ,5.358,5.76,"78,016.76"
299,On-Site,Metro,Diploma, Manager ,8.741,6.72,"105,040.87"
37,On-Site,Non-Metro,Diploma, Executive ,11.925,10,"91,888.74"
400,Remote,Non-Metro,Bachelor's, Executive ,4.164,5.16,"69,325.38"
588,On-Site,Non-Metro,Diploma, Manager ,11.726,7.08,"104,893.76"
811,Remote,Non-Metro,Master's, Executive ,13.318,8.52,"95,096.81"
856,On-Site,Non-Metro,Master's, Executive ,12.323,5.4,"85,567.68"
128,On-Site,Non-Metro,Master's, Executive ,5.159,9.24,"86,832.39"
135,Remote,Non-Metro,Master's, Executive ,5.557,5.4,"77,115.19"
55,Remote,Non-Metro,Diploma, Executive ,8.94,7.8,"82,133.55"
514,Remote,Metro,Master's, Executive ,9.139,5.28,"85,879.07"
494,Remote,Metro,Master's, Executive ,13.119,10,"103,344.34"
310,On-Site,Non-Metro,Diploma, Executive ,5.557,7.92,"78,188.64"
959,Remote,Metro,Master's, Manager ,13.716,8.16,"120,112.07"
473,Remote,Non-Metro,Master's, Executive ,6.353,5.28,"77,618.61"
654,Remote,Non-Metro,Bachelor's, Executive ,11.726,8.4,"87,005.86"
814,Remote,Metro,Master's, Executive ,8.94,6.36,"88,264.82"
461,Remote,Non-Metro,Bachelor's, Executive ,13.517,8.88,"90,434.41"
1304,Remote,Metro,Master's, Manager ,6.353,8.16,"110,825.30"
94,On-Site,Metro,Diploma, Executive ,5.159,7.2,"80,218.22"
709,Remote,Non-Metro,Master's, Executive ,6.154,6.72,"81,024.25"
1133,Remote,Metro,Master's, Executive ,13.915,9.84,"103,512.87"
791,On-Site,Non-Metro,Bachelor's, Executive ,4.562,7.68,"76,013.45"
488,On-Site,Metro,Master's, Executive ,9.338,5.28,"85,712.42"
421,Remote,Metro,Bachelor's, Manager ,7.746,10,"111,662.35"
95,On-Site,Non-Metro,Master's, Manager ,13.119,10,"119,175.58"
755,Remote,Metro,Master's, Executive ,13.318,5.88,"92,196.65"
848,Remote,Metro,Bachelor's, Executive ,10.333,5.76,"82,665.03"
997,Remote,Non-Metro,Master's, Executive ,11.527,7.68,"90,023.69"
735,On-Site,Non-Metro,Master's, Executive ,10.134,10,"94,328.23"
180,Remote,Non-Metro,Master's, Executive ,10.134,7.92,"88,808.95"
1100,Remote,Non-Metro,Bachelor's, Executive ,10.532,6,"78,734.12"
447,On-Site,Metro,Master's, Executive ,9.736,10,"98,368.71"
1314,On-Site,Non-Metro,Master's, Manager ,10.731,5.28,"103,435.08"
508,Remote,Metro,Diploma, Executive ,12.323,5.52,"84,249.99"
935,On-Site,Metro,Bachelor's, Executive ,5.756,6.84,"79,615.05"
622,Remote,Metro,Master's, Manager ,8.144,7.44,"110,489.69"
633,Remote,Non-Metro,Bachelor's, Executive ,12.522,6.48,"82,351.82"
308,On-Site,Non-Metro,Bachelor's, Executive ,6.154,6.6,"74,808.99"
1145,On-Site,Metro,Master's, Executive ,6.751,9,"91,944.47"
1158,Remote,Non-Metro,Diploma, Executive ,7.348,5.76,"74,038.78"
860,Remote,Metro,Master's, Executive ,4.164,9.84,"90,933.00"
442,On-Site,Non-Metro,Master's, Manager ,7.945,6.96,"104,258.42"
457,Remote,Non-Metro,Bachelor's, Executive ,5.955,9.6,"82,373.63"
880,On-Site,Non-Metro,Master's, Executive ,6.751,7.44,"83,120.14"
91,Remote,Non-Metro,Bachelor's, Executive ,4.761,5.52,"70,133.93"
231,On-Site,Non-Metro,Diploma, Executive ,6.552,8.04,"78,930.31"
677,Remote,Non-Metro,Bachelor's, Executive ,10.532,9.6,"87,905.79"
1129,On-Site,Metro,Master's, Executive ,9.537,7.08,"90,141.22"
452,Remote,Metro,Diploma, Executive ,9.537,6.6,"83,350.94"
911,On-Site,Metro,Diploma, Executive ,12.323,5.64,"84,248.97"
289,Remote,Non-Metro,Master's, Manager ,10.333,10,"114,900.18"
159,Remote,Metro,Bachelor's, Manager ,6.154,6.6,"99,987.50"
559,On-Site,Non-Metro,Diploma, Manager ,7.547,7.2,"98,641.93"
185,On-Site,Metro,Bachelor's, Executive ,5.159,8.28,"82,317.58"
446,On-Site,Non-Metro,Master's, Executive ,8.343,8.4,"87,398.69"
496,On-Site,Metro,Master's, Executive ,11.726,5.4,"88,278.50"
1121,Remote,Non-Metro,Master's, Manager ,8.144,5.76,"101,023.88"
998,On-Site,Non-Metro,Bachelor's, Executive ,9.537,10,"87,554.70"
122,Remote,Metro,Master's, Executive ,12.721,5.16,"88,819.71"
344,Remote,Metro,Master's, Executive ,4.363,10,"91,225.55"
279,On-Site,Metro,Bachelor's, Executive ,8.343,10,"90,610.76"
110,On-Site,Metro,Bachelor's, Manager ,10.333,10,"113,828.90"
221,Remote,Non-Metro,Master's, Executive ,11.726,7.08,"87,958.11"
219,On-Site,Non-Metro,Bachelor's, Executive ,10.731,6.12,"78,767.53"
211,Remote,Metro,Master's, Executive ,4.761,5.4,"79,612.15"
753,Remote,Metro,Diploma, Executive ,5.955,10,"87,654.89"
756,Remote,Metro,Master's, Executive ,12.323,6.72,"92,325.78"
1192,Remote,Non-Metro,Master's, Executive ,9.537,7.92,"87,437.50"
253,On-Site,Metro,Bachelor's, Manager ,7.149,9.48,"108,487.84"
726,Remote,Non-Metro,Bachelor's, Manager ,13.517,6.6,"104,129.35"
954,On-Site,Metro,Master's, Manager ,11.726,8.28,"116,350.01"
602,Remote,Metro,Diploma, Executive ,4.562,9.12,"83,552.76"
664,Remote,Metro,Bachelor's, Executive ,5.756,5.16,"74,651.05"
34,On-Site,Metro,Diploma, Executive ,9.736,10,"92,163.61"
387,On-Site,Non-Metro,Bachelor's, Executive ,7.149,9.96,"84,292.16"
570,Remote,Metro,Diploma, Manager ,6.353,8.76,"105,482.24"
511,On-Site,Metro,Master's, Executive ,5.955,9.72,"92,197.86"
224,On-Site,Metro,Master's, Manager ,8.94,5.28,"104,977.18"
655,On-Site,Non-Metro,Bachelor's, Executive ,10.93,10,"88,973.27"
435,Remote,Metro,Diploma, Executive ,5.955,6.72,"78,905.67"
318,Remote,Metro,Master's, Executive ,5.358,9.48,"90,813.60"
1137,Remote,Non-Metro,Master's, Executive ,10.93,8.28,"89,870.03"
1297,Remote,Metro,Master's, Executive ,13.318,5.16,"89,203.82"
364,Remote,Non-Metro,Master's, Executive ,7.348,5.52,"78,261.29"
542,On-Site,Non-Metro,Bachelor's, Executive ,5.358,5.4,"70,046.99"
1063,Remote,Metro,Bachelor's, Manager ,13.517,10,"117,273.11"
795,Remote,Non-Metro,Diploma, Executive ,6.154,7.68,"76,935.96"
1088,On-Site,Metro,Diploma, Executive ,4.363,9.84,"84,929.58"
533,Remote,Metro,Bachelor's, Executive ,13.716,10,"96,755.44"
5,Remote,Metro,Diploma, Executive ,11.726,6.84,"86,073.30"
808,Remote,Non-Metro,Diploma, Executive ,13.318,5.28,"79,381.22"
1105,Remote,Metro,Master's, Executive ,9.935,7.44,"90,851.33"
51,Remote,Non-Metro,Master's, Executive ,12.721,5.16,"83,739.99"
1272,On-Site,Non-Metro,Diploma, Executive ,4.562,6,"70,533.47"
738,Remote,Metro,Master's, Executive ,13.318,6.12,"91,507.16"
153,Remote,Non-Metro,Master's, Executive ,8.542,6.84,"82,970.73"
46,On-Site,Metro,Master's, Executive ,10.731,9.6,"97,356.04"
390,On-Site,Non-Metro,Diploma, Executive ,8.741,5.88,"75,254.09"
247,Remote,Non-Metro,Bachelor's, Executive ,5.756,10,"82,314.79"
565,Remote,Non-Metro,Bachelor's, Executive ,12.522,5.16,"77,958.23"
150,Remote,Metro,Master's, Executive ,11.129,5.28,"86,516.48"
272,On-Site,Metro,Master's, Manager ,10.93,9,"116,574.50"
1248,Remote,Metro,Master's, Executive ,10.93,6.96,"90,629.33"
683,Remote,Metro,Master's, Manager ,10.731,7.68,"112,887.48"
312,On-Site,Non-Metro,Master's, Executive ,8.94,5.28,"79,276.37"
370,Remote,Metro,Master's, Executive ,7.348,5.16,"81,550.87"
629,Remote,Metro,Master's, Executive ,9.139,9.96,"96,188.87"
282,Remote,Metro,Master's, Manager ,6.154,9.48,"111,927.12"
985,On-Site,Metro,Master's, Executive ,5.358,5.4,"79,693.04"
1153,Remote,Non-Metro,Bachelor's, Manager ,12.721,8.16,"106,409.29"
1119,Remote,Metro,Bachelor's, Manager ,6.751,6.96,"100,594.03"
698,On-Site,Metro,Bachelor's, Manager ,12.124,7.92,"109,605.72"
411,On-Site,Metro,Diploma, Executive ,4.562,5.28,"72,964.18"
777,Remote,Metro,Diploma, Executive ,8.542,7.8,"84,305.13"
470,Remote,Non-Metro,Bachelor's, Executive ,4.363,5.16,"67,790.97"
725,Remote,Non-Metro,Master's, Executive ,8.542,9,"88,208.82"
905,Remote,Non-Metro,Master's, Executive ,6.154,10,"87,865.36"
214,On-Site,Non-Metro,Bachelor's, Executive ,12.323,7.08,"82,349.01"
1255,On-Site,Non-Metro,Bachelor's, Executive ,10.532,7.08,"80,165.81"
790,Remote,Non-Metro,Bachelor's, Executive ,11.726,10,"89,156.26"
838,On-Site,Non-Metro,Master's, Executive ,6.353,9.72,"87,305.63"
535,Remote,Metro,Bachelor's, Executive ,9.338,10,"90,781.64"
523,Remote,Non-Metro,Master's, Executive ,6.751,9.12,"86,201.03"
1007,On-Site,Metro,Master's, Executive ,12.721,6.36,"90,819.60"
32,On-Site,Non-Metro,Master's, Executive ,11.328,5.16,"81,482.09"
609,Remote,Metro,Master's, Executive ,9.537,6.36,"86,941.28"
1235,Remote,Non-Metro,Bachelor's, Executive ,9.736,8.4,"82,522.92"
216,On-Site,Non-Metro,Master's, Executive ,6.154,7.92,"82,320.25"
566,Remote,Non-Metro,Diploma, Executive ,4.96,5.28,"68,615.46"
1190,On-Site,Non-Metro,Master's, Executive ,8.94,5.76,"80,042.67"
369,Remote,Metro,Diploma, Executive ,12.124,8.28,"89,547.47"
1298,Remote,Non-Metro,Bachelor's, Executive ,12.522,6.36,"80,532.01"
1252,Remote,Metro,Master's, Executive ,4.363,5.28,"77,774.80"
1182,Remote,Non-Metro,Diploma, Executive ,9.139,5.88,"75,184.88"
531,On-Site,Metro,Bachelor's, Manager ,3.965,9.84,"104,162.17"
354,On-Site,Metro,Master's, Executive ,5.159,6.96,"83,031.34"
823,Remote,Non-Metro,Bachelor's, Executive ,12.323,5.16,"77,101.49"
280,On-Site,Non-Metro,Bachelor's, Executive ,8.741,9.12,"82,987.80"
1149,On-Site,Metro,Master's, Executive ,7.746,9.6,"92,924.39"
805,Remote,Metro,Bachelor's, Executive ,9.139,5.76,"79,323.70"
1179,On-Site,Non-Metro,Master's, Executive ,13.716,5.76,"85,695.34"
818,On-Site,Metro,Master's, Executive ,7.746,5.76,"83,005.18"
467,On-Site,Non-Metro,Master's, Executive ,6.95,10,"88,419.26"
1110,Remote,Metro,Bachelor's, Executive ,4.761,8.4,"80,793.15"
675,Remote,Non-Metro,Bachelor's, Manager ,13.716,8.28,"107,238.48"
902,Remote,Metro,Bachelor's, Manager ,4.562,10,"105,133.78"
422,On-Site,Metro,Bachelor's, Manager ,9.935,10,"111,602.34"
1000,Remote,Non-Metro,Diploma, Executive ,10.532,7.32,"80,411.30"
994,Remote,Metro,Bachelor's, Executive ,9.537,7.56,"84,343.30"
330,On-Site,Metro,Master's, Executive ,7.547,9.24,"91,634.22"
156,Remote,Metro,Diploma, Executive ,12.92,8.28,"90,247.74"
419,Remote,Metro,Bachelor's, Executive ,8.343,10,"89,150.92"
487,On-Site,Non-Metro,Diploma, Executive ,12.522,9.48,"88,293.65"
1141,On-Site,Metro,Bachelor's, Executive ,6.552,9,"84,364.86"
350,Remote,Metro,Diploma, Executive ,11.129,5.28,"80,283.02"
1050,On-Site,Metro,Master's, Manager ,6.552,8.88,"109,818.12"
342,Remote,Metro,Diploma, Executive ,8.741,10,"89,525.42"
934,Remote,Non-Metro,Master's, Executive ,5.159,8.4,"81,930.67"
1335,On-Site,Non-Metro,Master's, Executive ,10.333,5.16,"79,822.35"
493,On-Site,Non-Metro,Master's, Executive ,10.333,5.16,"79,787.60"
757,On-Site,Non-Metro,Master's, Executive ,11.527,7.68,"87,695.32"
1017,On-Site,Non-Metro,Diploma, Executive ,10.333,5.28,"74,724.10"
291,Remote,Non-Metro,Master's, Executive ,13.915,6.36,"87,148.83"
227,Remote,Metro,Bachelor's, Executive ,12.522,6.36,"84,605.30"
716,On-Site,Metro,Master's, Executive ,11.726,10,"98,331.68"
1200,On-Site,Non-Metro,Master's, Executive ,3.965,6.72,"76,065.35"
1302,Remote,Metro,Diploma, Manager ,4.164,10,"104,229.66"
276,Remote,Non-Metro,Master's, Executive ,12.124,8.64,"90,756.01"
587,Remote,Metro,Master's, Executive ,4.96,5.52,"78,639.83"
703,Remote,Metro,Bachelor's, Executive ,9.935,9.36,"89,109.48"
397,On-Site,Non-Metro,Master's, Executive ,11.925,8.16,"89,241.18"
352,Remote,Non-Metro,Master's, Executive ,4.761,9,"82,790.29"
166,On-Site,Metro,Master's, Executive ,4.164,8.64,"85,647.73"
477,Remote,Metro,Master's, Manager ,10.93,5.88,"107,053.53"
481,On-Site,Metro,Diploma, Executive ,12.721,10,"94,004.18"
1104,Remote,Metro,Bachelor's, Executive ,4.164,9.96,"83,626.26"
254,Remote,Metro,Master's, Executive ,7.945,6.24,"83,956.90"
1265,On-Site,Non-Metro,Master's, Executive ,7.746,8.88,"85,981.55"
778,Remote,Metro,Master's, Executive ,9.139,8.4,"90,910.58"
179,Remote,Non-Metro,Master's, Executive ,9.338,8.52,"86,961.06"
822,Remote,Metro,Diploma, Executive ,4.363,6.12,"73,985.69"
712,Remote,Non-Metro,Bachelor's, Executive ,6.751,9,"79,712.19"
184,On-Site,Non-Metro,Diploma, Executive ,12.522,8.28,"84,782.53"
829,Remote,Metro,Master's, Manager ,10.134,7.92,"111,146.31"
359,Remote,Metro,Bachelor's, Executive ,8.343,5.76,"77,791.47"
939,Remote,Metro,Bachelor's, Executive ,7.348,5.16,"75,060.71"
516,Remote,Metro,Master's, Executive ,5.557,9.96,"90,536.44"
261,On-Site,Non-Metro,Master's, Executive ,11.527,9.96,"93,191.00"
883,On-Site,Non-Metro,Master's, Executive ,13.915,5.52,"84,679.81"
885,Remote,Metro,Diploma, Executive ,6.154,6,"75,753.05"
1125,On-Site,Non-Metro,Master's, Manager ,4.562,5.76,"94,384.30"
129,Remote,Non-Metro,Diploma, Manager ,4.562,6.84,"91,806.77"
898,On-Site,Metro,Diploma, Executive ,7.945,5.28,"76,004.92"
1154,Remote,Non-Metro,Diploma, Executive ,9.139,7.2,"77,850.92"
647,On-Site,Metro,Diploma, Executive ,9.537,7.68,"84,035.70"
2,On-Site,Metro,Bachelor's, Executive ,13.716,5.16,"82,589.07"
1170,Remote,Non-Metro,Diploma, Executive ,9.736,7.44,"79,133.29"
361,On-Site,Non-Metro,Master's, Executive ,13.318,8.76,"92,097.60"
28,Remote,Non-Metro,Diploma, Executive ,5.756,9.6,"79,856.40"
274,On-Site,Metro,Master's, Executive ,3.965,9,"85,974.16"
744,Remote,Non-Metro,Bachelor's, Executive ,9.736,6.72,"77,192.41"
743,Remote,Metro,Master's, Manager ,6.95,9.36,"110,668.57"
598,Remote,Non-Metro,Master's, Executive ,5.756,7.08,"78,603.52"
538,On-Site,Non-Metro,Master's, Executive ,12.92,8.52,"90,825.29"
560,On-Site,Metro,Diploma, Executive ,9.736,5.28,"77,914.32"
137,Remote,Metro,Master's, Executive ,9.736,5.28,"83,224.27"
706,On-Site,Non-Metro,Master's, Executive ,9.139,6.96,"82,320.80"
19,Remote,Metro,Master's, Executive ,12.721,9.72,"98,099.73"
680,On-Site,Non-Metro,Diploma, Executive ,9.338,8.88,"82,125.04"
229,Remote,Non-Metro,Master's, Executive ,5.756,7.92,"80,715.19"
193,Remote,Metro,Bachelor's, Executive ,13.318,6,"84,001.82"
492,On-Site,Non-Metro,Bachelor's, Executive ,13.517,10,"89,942.72"
636,Remote,Metro,Master's, Executive ,5.557,10,"90,210.65"
177,On-Site,Metro,Diploma, Executive ,13.716,7.56,"88,414.66"
564,On-Site,Metro,Bachelor's, Executive ,10.134,9,"87,804.52"
792,Remote,Metro,Master's, Executive ,8.542,5.28,"81,705.18"
163,Remote,Metro,Master's, Executive ,12.522,9.48,"97,134.88"
797,On-Site,Metro,Bachelor's, Executive ,12.721,6.6,"84,729.54"
850,On-Site,Metro,Diploma, Executive ,5.557,9.6,"83,822.15"
575,Remote,Non-Metro,Master's, Executive ,5.557,9.84,"85,263.04"
944,Remote,Metro,Diploma, Executive ,4.363,5.28,"71,375.19"
303,On-Site,Non-Metro,Bachelor's, Executive ,5.557,9.72,"79,623.50"
737,On-Site,Non-Metro,Bachelor's, Manager ,9.537,7.44,"98,774.24"
1165,On-Site,Non-Metro,Diploma, Executive ,5.756,7.92,"75,272.42"
1333,Remote,Non-Metro,Master's, Executive ,10.731,9.24,"89,862.66"
1107,On-Site,Non-Metro,Diploma, Executive ,5.159,8.88,"76,996.55"
1006,Remote,Metro,Diploma, Executive ,8.144,6.48,"78,893.68"
404,On-Site,Metro,Diploma, Executive ,12.721,8.88,"90,429.71"
720,Remote,Non-Metro,Diploma, Executive ,11.527,9.96,"87,264.68"
425,Remote,Metro,Master's, Executive ,13.517,8.76,"96,293.96"
1015,Remote,Non-Metro,Master's, Executive ,5.358,7.56,"79,066.90"
345,On-Site,Non-Metro,Bachelor's, Executive ,5.159,8.88,"76,885.48"
1309,Remote,Non-Metro,Master's, Manager ,13.318,6,"104,714.01"
147,Remote,Metro,Diploma, Manager ,11.328,8.52,"107,908.32"
241,On-Site,Non-Metro,Master's, Manager ,13.119,5.76,"103,840.85"
908,Remote,Non-Metro,Bachelor's, Executive ,7.149,8.28,"77,676.19"
11,On-Site,Metro,Master's, Executive ,6.95,6,"81,378.15"
596,On-Site,Non-Metro,Master's, Executive ,6.154,8.52,"82,373.32"
121,On-Site,Metro,Master's, Executive ,5.159,8.28,"85,029.59"
287,Remote,Non-Metro,Master's, Executive ,7.149,8.52,"83,541.89"
872,On-Site,Non-Metro,Bachelor's, Executive ,4.96,6.12,"69,554.95"
173,Remote,Metro,Master's, Executive ,8.144,5.16,"80,643.92"
155,On-Site,Non-Metro,Master's, Executive ,4.164,7.8,"78,149.55"
348,Remote,Metro,Master's, Executive ,5.557,8.52,"86,083.81"
597,On-Site,Non-Metro,Bachelor's, Executive ,9.139,8.04,"79,377.65"
914,Remote,Non-Metro,Master's, Executive ,12.721,8.28,"89,515.03"
1024,On-Site,Metro,Bachelor's, Executive ,7.348,5.16,"74,377.06"
366,Remote,Non-Metro,Master's, Executive ,11.328,8.88,"89,377.40"
522,Remote,Non-Metro,Bachelor's, Executive ,4.363,6.84,"70,637.95"
916,Remote,Non-Metro,Bachelor's, Executive ,7.547,5.88,"71,982.36"
1075,Remote,Non-Metro,Master's, Executive ,11.328,10,"92,207.15"
635,Remote,Metro,Master's, Executive ,5.557,9.12,"87,559.65"
851,On-Site,Non-Metro,Master's, Manager ,11.726,7.44,"106,307.68"
922,On-Site,Non-Metro,Master's, Executive ,3.965,10,"83,413.42"
871,On-Site,Metro,Master's, Executive ,12.721,9,"95,694.71"
921,Remote,Non-Metro,Master's, Executive ,7.547,10,"87,638.98"
389,Remote,Non-Metro,Diploma, Executive ,11.925,6.12,"77,705.68"
764,Remote,Metro,Master's, Executive ,5.557,6.24,"80,167.00"
1295,Remote,Metro,Master's, Executive ,13.517,9.96,"99,032.12"
933,Remote,Metro,Master's, Executive ,13.318,8.52,"95,142.38"
379,On-Site,Non-Metro,Diploma, Executive ,9.139,10,"84,195.02"
14,On-Site,Non-Metro,Bachelor's, Executive ,11.129,9.72,"85,828.88"
1029,On-Site,Metro,Master's, Executive ,5.557,9.48,"88,313.62"
441,Remote,Non-Metro,Diploma, Executive ,6.353,6.72,"72,538.10"
1290,On-Site,Metro,Bachelor's, Executive ,12.522,8.28,"88,232.37"
353,On-Site,Non-Metro,Master's, Executive ,11.925,6.6,"84,099.52"
909,Remote,Metro,Master's, Executive ,5.358,10,"89,339.84"
843,On-Site,Non-Metro,Bachelor's, Manager ,10.134,5.76,"94,627.75"
543,On-Site,Non-Metro,Bachelor's, Executive ,9.338,10,"84,303.74"
766,Remote,Non-Metro,Diploma, Executive ,8.94,9.84,"83,409.88"
879,Remote,Metro,Master's, Executive ,8.144,7.92,"87,308.89"
367,Remote,Non-Metro,Master's, Executive ,4.562,9.72,"83,165.90"
568,Remote,Metro,Diploma, Executive ,4.363,7.92,"77,535.98"
786,Remote,Non-Metro,Master's, Executive ,12.721,7.2,"86,433.86"
1326,On-Site,Metro,Master's, Executive ,9.736,10,"94,408.74"
383,On-Site,Metro,Bachelor's, Executive ,12.124,9.6,"90,948.67"
1330,Remote,Metro,Master's, Executive ,5.955,9.24,"87,940.85"
1102,Remote,Metro,Master's, Executive ,4.363,9.36,"86,345.83"
827,On-Site,Metro,Bachelor's, Manager ,10.333,9.72,"109,053.99"
54,Remote,Metro,Bachelor's, Manager ,13.716,7.32,"106,961.70"
81,Remote,Metro,Master's, Executive ,12.721,6.72,"89,482.56"
610,Remote,Metro,Master's, Manager ,7.149,6.6,"102,578.63"
414,On-Site,Metro,Master's, Executive ,4.761,6,"78,224.74"
501,On-Site,Metro,Master's, Manager ,13.318,6.48,"109,556.58"
142,On-Site,Metro,Master's, Executive ,11.925,6.12,"86,978.57"
20,On-Site,Metro,Master's, Manager ,6.552,6.6,"101,866.34"
1081,Remote,Metro,Bachelor's, Executive ,11.925,5.16,"79,296.46"
1222,On-Site,Metro,Bachelor's, Executive ,9.537,7.8,"83,112.34"
873,Remote,Metro,Bachelor's, Executive ,11.129,8.04,"85,555.99"
339,Remote,Metro,Master's, Manager ,11.328,9,"113,393.87"
328,On-Site,Metro,Diploma, Manager ,11.129,8.4,"106,383.72"
1011,Remote,Non-Metro,Master's, Executive ,12.522,8.76,"89,736.77"
957,On-Site,Metro,Bachelor's, Manager ,13.119,9.48,"111,389.90"
1128,Remote,Non-Metro,Bachelor's, Executive ,5.358,7.2,"72,116.66"
707,Remote,Non-Metro,Bachelor's, Manager ,7.149,9.12,"99,002.57"
1085,Remote,Non-Metro,Diploma, Executive ,9.736,10,"84,282.02"
1021,On-Site,Metro,Master's, Executive ,7.547,9.12,"89,143.22"
1069,Remote,Metro,Diploma, Executive ,5.358,10,"83,489.79"
44,Remote,Non-Metro,Bachelor's, Executive ,6.154,7.44,"73,573.56"
603,On-Site,Non-Metro,Master's, Executive ,9.736,9.72,"88,740.59"
1313,On-Site,Metro,Master's, Executive ,4.96,7.08,"80,888.81"
1312,On-Site,Non-Metro,Diploma, Executive ,13.716,6.96,"81,216.26"
918,Remote,Metro,Master's, Manager ,8.343,8.4,"108,053.90"
869,Remote,Metro,Master's, Executive ,13.517,10,"98,211.56"
704,On-Site,Non-Metro,Diploma, Executive ,12.124,7.08,"79,586.02"
89,On-Site,Non-Metro,Diploma, Executive ,5.159,8.52,"75,001.51"
258,On-Site,Non-Metro,Bachelor's, Executive ,11.328,7.56,"79,837.63"
88,Remote,Non-Metro,Master's, Executive ,13.318,9.72,"92,820.76"
539,On-Site,Non-Metro,Bachelor's, Executive ,11.925,8.52,"82,939.65"
767,Remote,Metro,Master's, Executive ,10.333,8.64,"90,986.80"
386,Remote,Metro,Master's, Executive ,11.726,5.28,"84,189.70"
90,On-Site,Non-Metro,Diploma, Executive ,10.532,9.6,"83,994.15"
248,On-Site,Metro,Bachelor's, Executive ,5.756,5.88,"73,448.06"
265,Remote,Non-Metro,Bachelor's, Executive ,5.159,9.36,"77,070.18"
1199,On-Site,Metro,Diploma, Executive ,7.348,7.8,"80,091.71"
927,On-Site,Non-Metro,Master's, Executive ,5.159,5.28,"72,033.30"
1103,On-Site,Metro,Bachelor's, Executive ,13.716,6.48,"84,226.89"
717,On-Site,Non-Metro,Diploma, Executive ,13.716,8.88,"85,838.14"
1084,On-Site,Metro,Master's, Executive ,10.333,6.84,"86,373.73"
512,On-Site,Metro,Bachelor's, Executive ,6.751,6.24,"75,444.53"
1188,On-Site,Non-Metro,Diploma, Executive ,7.348,10,"81,145.79"
526,Remote,Non-Metro,Bachelor's, Executive ,13.915,5.16,"76,693.80"
701,Remote,Non-Metro,Bachelor's, Executive ,8.343,5.52,"71,063.39"
1167,Remote,Metro,Bachelor's, Executive ,5.955,9.84,"83,433.11"
120,On-Site,Non-Metro,Diploma, Executive ,12.721,7.44,"80,962.49"
643,Remote,Metro,Master's, Executive ,4.363,10,"87,177.35"
491,Remote,Non-Metro,Master's, Executive ,7.348,5.28,"74,472.75"
36,Remote,Metro,Diploma, Executive ,4.363,5.28,"70,121.87"
1174,Remote,Metro,Diploma, Executive ,4.96,7.56,"76,517.01"
713,On-Site,Non-Metro,Diploma, Executive ,4.761,8.16,"73,381.15"
841,Remote,Metro,Master's, Executive ,11.527,5.52,"84,292.85"
207,Remote,Metro,Bachelor's, Executive ,8.741,10,"86,992.99"
650,Remote,Non-Metro,Master's, Executive ,12.323,9.96,"91,900.76"
625,On-Site,Metro,Diploma, Executive ,4.96,10,"82,543.44"
72,Remote,Metro,Master's, Executive ,10.134,6.72,"85,582.14"
730,Remote,Non-Metro,Bachelor's, Executive ,7.547,7.92,"75,964.36"
440,On-Site,Metro,Master's, Executive ,5.358,6.12,"78,493.02"
1130,On-Site,Non-Metro,Master's, Executive ,13.318,5.28,"81,290.60"
373,On-Site,Non-Metro,Master's, Executive ,9.338,8.04,"83,500.48"
459,On-Site,Metro,Master's, Executive ,8.741,9.72,"91,288.31"
945,On-Site,Metro,Bachelor's, Executive ,6.154,10,"83,758.15"
900,On-Site,Non-Metro,Diploma, Executive ,11.328,5.28,"73,644.51"
472,Remote,Non-Metro,Master's, Executive ,6.751,5.16,"73,183.80"
984,Remote,Non-Metro,Master's, Executive ,11.328,6.24,"81,215.78"
203,Remote,Non-Metro,Diploma, Executive ,12.323,10,"86,550.66"
782,On-Site,Metro,Bachelor's, Executive ,6.552,5.16,"72,126.78"
1037,Remote,Metro,Bachelor's, Manager ,12.522,5.64,"100,054.85"
993,On-Site,Non-Metro,Master's, Executive ,7.945,9,"84,119.93"
1025,Remote,Non-Metro,Bachelor's, Executive ,11.726,8.64,"82,433.90"
1032,Remote,Non-Metro,Bachelor's, Manager ,13.119,9.6,"106,227.29"
674,On-Site,Non-Metro,Bachelor's, Executive ,7.348,7.92,"75,528.00"
111,Remote,Metro,Diploma, Executive ,12.323,9.48,"89,583.29"
632,Remote,Metro,Master's, Executive ,11.925,5.88,"85,339.05"
326,Remote,Metro,Master's, Executive ,6.95,7.8,"84,319.11"
1243,Remote,Non-Metro,Diploma, Executive ,4.363,5.64,"66,357.06"
769,Remote,Non-Metro,Master's, Executive ,3.965,10,"81,936.09"
1155,Remote,Non-Metro,Diploma, Executive ,13.716,8.76,"85,014.23"
1244,On-Site,Non-Metro,Bachelor's, Executive ,12.522,6.36,"77,646.07"
238,Remote,Metro,Bachelor's, Executive ,7.945,6.72,"77,571.11"
218,On-Site,Metro,Bachelor's, Executive ,8.94,6.24,"77,528.93"
714,Remote,Metro,Master's, Executive ,13.716,5.4,"86,188.92"
648,Remote,Non-Metro,Master's, Executive ,7.945,7.8,"81,059.83"
242,Remote,Non-Metro,Master's, Executive ,11.726,6.96,"83,356.54"
189,Remote,Non-Metro,Master's, Executive ,5.955,7.92,"79,019.44"
1066,On-Site,Non-Metro,Master's, Executive ,12.522,8.04,"86,950.76"
956,Remote,Metro,Bachelor's, Executive ,4.363,6.72,"73,311.01"
620,Remote,Non-Metro,Master's, Executive ,7.149,9.6,"84,512.52"
681,On-Site,Non-Metro,Master's, Executive ,9.139,5.52,"76,674.87"
244,Remote,Metro,Master's, Executive ,6.353,7.8,"83,420.89"
571,Remote,Non-Metro,Master's, Executive ,10.333,6.72,"80,945.92"
1059,On-Site,Non-Metro,Bachelor's, Executive ,6.154,5.88,"68,822.56"
802,On-Site,Non-Metro,Bachelor's, Executive ,7.945,10,"81,125.46"
685,On-Site,Non-Metro,Master's, Executive ,9.139,6.96,"80,108.34"
1058,On-Site,Non-Metro,Bachelor's, Executive ,5.955,8.4,"74,793.02"
92,On-Site,Non-Metro,Diploma, Executive ,9.935,9.36,"81,784.23"
1099,On-Site,Non-Metro,Master's, Executive ,7.945,9.24,"84,332.92"
73,On-Site,Non-Metro,Master's, Executive ,7.945,9.36,"84,618.48"
938,On-Site,Non-Metro,Diploma, Executive ,12.522,7.68,"80,583.40"
25,Remote,Metro,Diploma, Executive ,4.363,7.44,"74,862.16"
623,Remote,Non-Metro,Master's, Executive ,5.358,8.88,"80,388.94"
692,Remote,Metro,Master's, Executive ,11.527,8.64,"91,256.14"
314,On-Site,Metro,Bachelor's, Executive ,10.134,8.88,"85,067.48"
591,Remote,Non-Metro,Master's, Executive ,8.343,9.96,"86,460.19"
1002,On-Site,Metro,Master's, Manager ,13.517,5.88,"106,355.97"
975,Remote,Metro,Bachelor's, Executive ,9.139,6.12,"77,019.98"
519,On-Site,Non-Metro,Master's, Executive ,9.736,7.2,"81,195.18"
426,On-Site,Metro,Bachelor's, Executive ,4.164,8.4,"76,870.03"
867,Remote,Metro,Bachelor's, Executive ,11.129,5.16,"76,915.55"
464,Remote,Metro,Master's, Executive ,6.751,9.72,"88,255.66"
66,Remote,Non-Metro,Master's, Executive ,13.119,5.28,"80,300.20"
634,On-Site,Metro,Master's, Executive ,12.92,7.8,"90,583.42"
1010,On-Site,Metro,Master's, Executive ,10.532,9.12,"91,079.69"
1092,On-Site,Non-Metro,Master's, Executive ,5.358,9.6,"81,940.11"
284,Remote,Non-Metro,Master's, Executive ,11.328,9.6,"88,829.41"
1311,On-Site,Metro,Diploma, Executive ,6.751,8.04,"78,860.18"
606,Remote,Non-Metro,Bachelor's, Executive ,11.726,9.12,"82,946.68"
108,On-Site,Metro,Diploma, Executive ,7.945,6.12,"75,478.31"
382,On-Site,Metro,Master's, Manager ,5.557,9.6,"106,077.70"
460,On-Site,Non-Metro,Bachelor's, Executive ,12.522,7.8,"80,577.54"
617,Remote,Non-Metro,Master's, Executive ,11.527,9.72,"89,282.70"
77,On-Site,Non-Metro,Bachelor's, Executive ,4.562,6.48,"68,070.76"
182,On-Site,Non-Metro,Bachelor's, Executive ,8.144,5.16,"68,939.61"
1074,Remote,Non-Metro,Master's, Executive ,7.348,9.48,"83,810.41"
407,Remote,Non-Metro,Bachelor's, Executive ,9.139,6.96,"74,468.22"
1271,Remote,Metro,Diploma, Executive ,12.124,6.12,"80,160.88"
968,On-Site,Metro,Diploma, Executive ,11.328,8.28,"84,559.61"
1166,On-Site,Non-Metro,Master's, Executive ,11.726,7.2,"83,161.50"
1258,On-Site,Non-Metro,Diploma, Executive ,5.557,9.48,"76,519.11"
690,On-Site,Metro,Bachelor's, Manager ,6.751,6.24,"93,806.53"
1106,Remote,Non-Metro,Bachelor's, Executive ,6.552,9.48,"77,659.86"
589,Remote,Non-Metro,Master's, Executive ,8.94,10,"86,833.88"
16,Remote,Metro,Master's, Executive ,6.751,5.28,"76,954.83"
1030,On-Site,Non-Metro,Master's, Executive ,12.124,7.44,"84,041.40"
250,On-Site,Metro,Master's, Executive ,10.333,6.48,"83,917.69"
112,Remote,Non-Metro,Master's, Executive ,13.915,9.6,"91,399.99"
115,Remote,Metro,Master's, Executive ,13.119,9.24,"93,908.91"
1303,On-Site,Non-Metro,Master's, Executive ,5.159,6,"72,445.52"
484,On-Site,Non-Metro,Master's, Executive ,8.94,9.12,"84,424.88"
1005,Remote,Metro,Master's, Executive ,6.154,8.64,"84,350.07"
451,Remote,Metro,Master's, Executive ,8.741,7.68,"84,954.33"
1169,Remote,Metro,Master's, Executive ,6.95,6.84,"80,829.36"
1026,On-Site,Non-Metro,Master's, Executive ,11.925,5.52,"78,972.09"
98,Remote,Metro,Bachelor's, Executive ,5.955,9.6,"81,298.50"
1260,On-Site,Non-Metro,Master's, Executive ,5.159,9.24,"80,308.27"
1096,Remote,Non-Metro,Master's, Executive ,12.124,5.16,"78,292.50"
313,On-Site,Metro,Bachelor's, Manager ,11.726,8.16,"103,889.77"
1203,On-Site,Metro,Diploma, Executive ,12.92,5.64,"79,542.62"
230,Remote,Metro,Master's, Executive ,3.965,8.64,"81,716.20"
667,On-Site,Metro,Master's, Executive ,9.139,8.88,"88,148.61"
949,On-Site,Metro,Diploma, Executive ,13.318,8.04,"85,769.13"
132,Remote,Non-Metro,Master's, Executive ,13.517,10,"91,566.40"
249,On-Site,Metro,Master's, Executive ,8.94,5.28,"79,038.19"
803,On-Site,Metro,Master's, Executive ,9.338,5.52,"80,081.68"
613,On-Site,Non-Metro,Master's, Executive ,11.726,5.16,"77,599.77"
1175,Remote,Metro,Diploma, Executive ,12.721,6.48,"81,138.59"
1223,On-Site,Metro,Bachelor's, Executive ,6.154,9,"79,773.94"
830,Remote,Metro,Diploma, Executive ,6.552,7.68,"76,997.26"
825,On-Site,Metro,Diploma, Executive ,13.915,10,"91,106.19"
923,Remote,Metro,Master's, Executive ,11.925,7.56,"87,949.74"
1077,On-Site,Non-Metro,Master's, Executive ,4.164,8.64,"77,401.10"
300,On-Site,Non-Metro,Diploma, Executive ,3.965,8.76,"72,359.19"
74,Remote,Metro,Bachelor's, Executive ,12.721,9.96,"89,594.09"
907,Remote,Metro,Master's, Executive ,4.164,6.24,"75,763.69"
427,On-Site,Non-Metro,Master's, Executive ,7.547,7.56,"78,556.08"
296,On-Site,Metro,Master's, Executive ,12.323,5.16,"82,437.33"
687,Remote,Metro,Master's, Executive ,11.726,8.04,"88,789.24"
696,On-Site,Non-Metro,Diploma, Executive ,13.119,6.12,"76,308.12"
961,On-Site,Non-Metro,Diploma, Executive ,10.134,5.28,"70,832.38"
424,Remote,Metro,Master's, Executive ,11.527,6,"83,556.42"
160,On-Site,Non-Metro,Bachelor's, Executive ,4.164,9,"73,081.05"
876,Remote,Non-Metro,Diploma, Executive ,4.96,5.76,"66,046.76"
212,Remote,Metro,Diploma, Executive ,4.96,7.8,"75,308.98"
365,On-Site,Non-Metro,Bachelor's, Executive ,5.955,5.52,"66,584.49"
1300,Remote,Non-Metro,Diploma, Executive ,7.547,5.28,"67,811.63"
670,On-Site,Non-Metro,Bachelor's, Executive ,5.358,7.8,"71,440.23"
733,On-Site,Non-Metro,Master's, Executive ,11.726,5.88,"79,095.22"
372,Remote,Non-Metro,Master's, Executive ,4.562,9.84,"80,544.67"
1120,On-Site,Non-Metro,Diploma, Executive ,6.751,6.6,"70,041.75"
222,Remote,Non-Metro,Master's, Executive ,7.348,9.36,"82,530.36"
333,Remote,Non-Metro,Diploma, Executive ,13.119,10,"85,592.22"
215,Remote,Non-Metro,Master's, Executive ,10.93,8.4,"84,268.67"
27,On-Site,Non-Metro,Master's, Executive ,4.363,10,"80,669.82"
946,On-Site,Non-Metro,Master's, Executive ,6.353,9.72,"82,236.11"
906,Remote,Non-Metro,Master's, Executive ,9.935,6.12,"77,546.35"
964,Remote,Metro,Master's, Executive ,6.751,8.52,"84,021.04"
768,On-Site,Non-Metro,Master's, Executive ,13.318,8.04,"86,055.75"
1078,On-Site,Metro,Master's, Executive ,4.96,5.52,"74,647.96"
60,Remote,Non-Metro,Diploma, Executive ,8.94,7.08,"73,622.75"
554,On-Site,Non-Metro,Diploma, Executive ,9.935,9.24,"80,003.72"
192,Remote,Non-Metro,Master's, Executive ,11.726,7.32,"82,444.83"
301,Remote,Metro,Master's, Executive ,10.93,7.32,"85,778.40"
1039,Remote,Metro,Master's, Executive ,13.517,5.64,"84,634.50"
480,Remote,Metro,Bachelor's, Executive ,10.731,5.76,"76,669.92"
962,Remote,Non-Metro,Master's, Executive ,4.562,6.48,"72,169.80"
1320,On-Site,Non-Metro,Diploma, Executive ,10.333,7.68,"76,577.99"
1292,Remote,Metro,Master's, Manager ,7.945,5.28,"96,668.90"
672,On-Site,Non-Metro,Master's, Executive ,9.935,6.48,"78,267.29"
278,Remote,Non-Metro,Master's, Executive ,7.945,5.64,"73,956.70"
1053,On-Site,Metro,Master's, Executive ,13.915,8.88,"92,897.42"
1087,Remote,Metro,Master's, Executive ,12.522,9.6,"93,059.73"
275,On-Site,Metro,Diploma, Executive ,4.562,6,"70,169.57"
641,Remote,Metro,Master's, Executive ,12.721,6.96,"86,807.68"
553,Remote,Metro,Master's, Executive ,13.915,10,"95,549.84"
1331,Remote,Non-Metro,Bachelor's, Executive ,13.517,9.84,"85,338.37"
1208,On-Site,Metro,Master's, Manager ,4.761,7.32,"97,867.49"
1151,On-Site,Non-Metro,Master's, Executive ,10.532,5.16,"75,611.74"
1228,Remote,Metro,Bachelor's, Executive ,13.915,8.04,"85,647.24"
409,On-Site,Metro,Bachelor's, Executive ,12.92,7.56,"83,345.83"
1218,Remote,Metro,Bachelor's, Executive ,9.139,6.48,"76,411.43"
810,Remote,Metro,Master's, Executive ,11.925,6,"83,460.40"
417,On-Site,Metro,Bachelor's, Executive ,12.124,9.24,"86,469.34"
1195,Remote,Non-Metro,Diploma, Executive ,6.154,6.72,"69,308.46"
972,Remote,Non-Metro,Master's, Executive ,13.915,7.08,"84,028.59"
831,Remote,Metro,Master's, Executive ,12.323,10,"93,552.80"
316,Remote,Metro,Master's, Executive ,7.149,9.24,"85,796.35"
294,On-Site,Non-Metro,Bachelor's, Executive ,13.517,5.64,"74,965.88"
749,Remote,Non-Metro,Master's, Executive ,10.93,8.64,"84,333.09"
924,On-Site,Metro,Diploma, Executive ,11.129,7.08,"79,917.05"
497,Remote,Non-Metro,Master's, Executive ,7.547,6.72,"75,777.14"
686,On-Site,Metro,Master's, Executive ,5.756,9.36,"84,364.66"
817,Remote,Non-Metro,Diploma, Executive ,5.358,5.88,"66,178.50"
736,Remote,Non-Metro,Diploma, Executive ,9.935,8.88,"78,620.13"
1229,Remote,Metro,Bachelor's, Executive ,9.935,9.72,"84,824.09"
1308,On-Site,Metro,Diploma, Manager ,13.318,6.84,"100,861.39"
651,Remote,Non-Metro,Bachelor's, Executive ,5.756,8.88,"73,767.61"
114,On-Site,Non-Metro,Diploma, Executive ,12.323,5.52,"73,037.57"
904,Remote,Metro,Bachelor's, Executive ,5.159,8.88,"77,255.69"
974,On-Site,Non-Metro,Master's, Executive ,9.338,5.28,"74,078.53"
405,Remote,Metro,Master's, Executive ,6.751,6.72,"78,837.62"
854,Remote,Non-Metro,Master's, Executive ,8.343,9.36,"82,767.06"
465,On-Site,Metro,Diploma, Executive ,13.716,5.28,"78,184.44"
741,Remote,Metro,Master's, Executive ,12.323,8.4,"89,145.43"
1264,On-Site,Non-Metro,Master's, Executive ,10.134,8.16,"81,817.61"
93,Remote,Metro,Master's, Manager ,6.751,10,"105,776.54"
102,On-Site,Metro,Master's, Executive ,8.343,6.6,"80,223.64"
178,On-Site,Metro,Master's, Executive ,7.348,9.48,"85,972.80"
1057,On-Site,Non-Metro,Master's, Executive ,8.741,8.76,"81,556.37"
912,On-Site,Metro,Master's, Manager ,5.159,5.16,"92,185.55"
789,On-Site,Metro,Master's, Executive ,10.93,6.48,"82,666.63"
970,On-Site,Non-Metro,Bachelor's, Executive ,11.527,7.68,"76,989.02"
1198,Remote,Metro,Bachelor's, Executive ,6.751,7.92,"76,397.85"
374,On-Site,Metro,Master's, Manager ,6.95,6.12,"96,378.73"
396,On-Site,Metro,Diploma, Executive ,4.761,8.52,"75,570.45"
780,Remote,Metro,Diploma, Executive ,8.144,9.36,"81,376.54"
626,On-Site,Non-Metro,Diploma, Executive ,6.154,6.48,"68,007.58"
1256,On-Site,Non-Metro,Master's, Executive ,4.363,8.04,"74,736.02"
529,On-Site,Metro,Master's, Executive ,6.154,8.52,"82,085.30"
485,Remote,Metro,Master's, Executive ,5.358,8.76,"81,761.30"
834,On-Site,Metro,Diploma, Executive ,11.527,9.96,"86,569.70"
1286,On-Site,Non-Metro,Master's, Executive ,12.522,8.64,"85,279.26"
23,On-Site,Metro,Bachelor's, Executive ,10.532,5.16,"73,882.20"
1127,On-Site,Metro,Master's, Executive ,4.96,9.6,"83,259.24"
205,On-Site,Metro,Master's, Executive ,6.751,8.52,"82,676.75"
463,On-Site,Non-Metro,Master's, Executive ,5.159,10,"80,216.79"
1205,Remote,Non-Metro,Bachelor's, Manager ,8.741,5.16,"86,659.50"
392,Remote,Non-Metro,Diploma, Executive ,10.134,5.28,"69,474.32"
754,Remote,Non-Metro,Bachelor's, Executive ,12.92,9.96,"83,792.12"
84,Remote,Non-Metro,Diploma, Executive ,11.726,8.76,"79,569.91"
18,On-Site,Metro,Master's, Executive ,11.328,5.76,"81,121.09"
240,On-Site,Metro,Bachelor's, Executive ,3.965,8.28,"73,883.53"
784,On-Site,Non-Metro,Master's, Manager ,4.96,9,"96,512.86"
358,On-Site,Metro,Diploma, Executive ,7.149,8.64,"78,294.86"
1064,On-Site,Metro,Diploma, Executive ,7.746,7.32,"75,793.95"
43,On-Site,Metro,Bachelor's, Executive ,11.527,7.92,"81,466.45"
169,On-Site,Non-Metro,Diploma, Executive ,5.955,5.28,"64,695.89"
842,Remote,Metro,Master's, Executive ,13.517,10,"93,654.77"
429,On-Site,Non-Metro,Master's, Executive ,5.557,5.52,"69,800.42"
1251,Remote,Metro,Master's, Manager ,13.318,5.88,"102,506.08"
119,Remote,Non-Metro,Bachelor's, Executive ,11.129,8.88,"78,995.43"
628,Remote,Metro,Bachelor's, Executive ,4.164,6.96,"70,796.79"
453,Remote,Metro,Master's, Executive ,11.925,5.88,"81,870.17"
343,Remote,Non-Metro,Master's, Executive ,4.562,10,"79,267.00"
875,Remote,Metro,Master's, Executive ,9.338,8.28,"84,688.39"
346,Remote,Non-Metro,Bachelor's, Executive ,9.935,7.08,"73,289.71"
793,On-Site,Non-Metro,Master's, Executive ,9.139,5.64,"73,924.19"
1136,On-Site,Non-Metro,Diploma, Executive ,10.93,9,"78,966.88"
1299,On-Site,Metro,Diploma, Executive ,5.358,6.96,"72,054.15"
719,Remote,Non-Metro,Diploma, Executive ,13.318,9.12,"81,907.93"
277,On-Site,Metro,Diploma, Executive ,11.726,5.28,"75,149.61"
505,Remote,Non-Metro,Bachelor's, Executive ,12.323,7.56,"77,062.97"
599,Remote,Metro,Master's, Executive ,13.915,8.16,"89,433.23"
288,On-Site,Non-Metro,Diploma, Executive ,7.348,10,"77,305.27"
896,On-Site,Non-Metro,Master's, Executive ,13.517,10,"89,164.42"
888,On-Site,Non-Metro,Diploma, Executive ,6.751,7.32,"70,235.36"
1234,Remote,Metro,Master's, Executive ,12.92,9.96,"92,574.57"
785,On-Site,Non-Metro,Bachelor's, Executive ,8.144,6.72,"70,337.86"
1156,On-Site,Non-Metro,Master's, Executive ,13.318,7.32,"82,494.55"
693,On-Site,Metro,Diploma, Executive ,13.318,5.4,"77,126.78"
580,Remote,Non-Metro,Master's, Executive ,5.159,6,"70,212.47"
196,Remote,Metro,Diploma, Executive ,4.761,5.28,"67,263.68"
202,On-Site,Non-Metro,Bachelor's, Executive ,6.154,8.76,"72,914.34"
138,Remote,Metro,Diploma, Executive ,13.318,5.64,"77,640.47"
168,Remote,Non-Metro,Diploma, Executive ,4.761,6.84,"66,773.90"
127,On-Site,Non-Metro,Master's, Manager ,9.935,5.28,"92,713.77"
1185,Remote,Non-Metro,Bachelor's, Manager ,13.119,5.76,"92,422.23"
1268,Remote,Metro,Master's, Manager ,12.124,5.88,"100,717.15"
1273,On-Site,Metro,Bachelor's, Executive ,8.144,8.16,"77,816.67"
1055,Remote,Non-Metro,Diploma, Executive ,11.129,6.24,"72,357.53"
1060,Remote,Metro,Diploma, Executive ,8.542,6.84,"75,071.87"
152,Remote,Metro,Bachelor's, Executive ,5.557,8.76,"76,314.63"
1091,On-Site,Metro,Bachelor's, Manager ,7.149,8.64,"96,687.97"
1062,Remote,Metro,Bachelor's, Executive ,6.552,9.84,"79,977.16"
438,On-Site,Metro,Master's, Executive ,8.542,7.2,"80,864.05"
509,Remote,Non-Metro,Master's, Executive ,8.94,5.88,"73,991.49"
752,Remote,Metro,Diploma, Executive ,11.328,5.52,"75,009.37"
582,On-Site,Metro,Diploma, Executive ,8.144,5.28,"70,886.18"
61,On-Site,Metro,Master's, Executive ,7.348,8.16,"81,787.47"
592,On-Site,Metro,Diploma, Executive ,12.522,8.64,"83,726.51"
1306,On-Site,Non-Metro,Bachelor's, Executive ,10.333,5.88,"70,543.73"
913,Remote,Non-Metro,Diploma, Executive ,5.358,10,"74,787.53"
235,On-Site,Metro,Diploma, Executive ,8.144,7.68,"76,520.21"
1337,Remote,Non-Metro,Master's, Executive ,10.731,5.52,"75,045.58"
824,On-Site,Non-Metro,Bachelor's, Executive ,7.746,8.28,"73,294.51"
573,Remote,Non-Metro,Bachelor's, Executive ,13.318,6.6,"75,472.38"
1008,On-Site,Metro,Diploma, Manager ,13.119,8.64,"103,101.67"
7,On-Site,Non-Metro,Bachelor's, Executive ,5.358,8.52,"71,155.94"
64,On-Site,Non-Metro,Diploma, Executive ,13.318,6.36,"74,871.98"
1215,Remote,Non-Metro,Diploma, Executive ,4.761,6.24,"65,077.05"
899,Remote,Non-Metro,Bachelor's, Executive ,9.935,5.16,"68,259.89"
708,On-Site,Metro,Diploma, Executive ,8.343,8.88,"79,471.51"
80,Remote,Non-Metro,Diploma, Executive ,12.721,7.92,"77,857.49"
126,Remote,Non-Metro,Master's, Executive ,13.318,6.12,"79,171.12"
1327,Remote,Non-Metro,Master's, Executive ,13.915,8.04,"84,367.88"
1262,On-Site,Metro,Master's, Executive ,10.134,6.36,"80,337.59"
52,On-Site,Non-Metro,Diploma, Executive ,11.527,5.52,"70,775.17"
979,On-Site,Non-Metro,Master's, Executive ,7.746,8.4,"78,326.75"
1043,On-Site,Metro,Master's, Manager ,9.736,5.4,"96,388.25"
980,On-Site,Non-Metro,Bachelor's, Executive ,8.343,7.32,"71,466.60"
932,Remote,Non-Metro,Master's, Executive ,9.338,7.68,"78,316.40"
762,Remote,Metro,Master's, Executive ,10.333,5.76,"78,990.09"
1080,On-Site,Metro,Bachelor's, Executive ,4.96,10,"78,135.06"
109,Remote,Metro,Bachelor's, Executive ,4.363,6.48,"69,044.62"
198,Remote,Non-Metro,Bachelor's, Executive ,8.343,8.4,"73,828.65"
1237,Remote,Non-Metro,Master's, Executive ,9.338,10,"83,617.72"
971,Remote,Non-Metro,Bachelor's, Executive ,4.96,9,"71,478.38"
1111,On-Site,Non-Metro,Master's, Executive ,5.557,9.48,"78,187.89"
562,On-Site,Non-Metro,Master's, Executive ,7.945,9.48,"80,790.19"
866,On-Site,Metro,Master's, Executive ,8.94,7.8,"82,060.38"
368,Remote,Non-Metro,Diploma, Executive ,7.149,8.04,"71,555.04"
551,Remote,Metro,Master's, Executive ,4.761,10,"82,570.70"
239,Remote,Metro,Diploma, Manager ,10.93,5.28,"92,060.27"
283,Remote,Metro,Master's, Executive ,11.129,6.6,"81,539.03"
1090,On-Site,Metro,Master's, Executive ,10.134,9.72,"87,775.33"
723,Remote,Metro,Master's, Executive ,13.915,10,"92,592.17"
718,Remote,Metro,Diploma, Executive ,11.925,10,"85,485.32"
68,Remote,Metro,Diploma, Executive ,5.955,7.8,"73,717.63"
1220,On-Site,Non-Metro,Diploma, Executive ,3.965,7.56,"66,803.31"
826,Remote,Non-Metro,Master's, Executive ,11.925,10,"86,225.08"
1019,On-Site,Non-Metro,Diploma, Executive ,5.358,9.48,"72,839.29"
1146,On-Site,Metro,Diploma, Executive ,10.532,9.24,"82,084.95"
783,Remote,Metro,Bachelor's, Executive ,10.333,9.12,"81,562.25"
1288,On-Site,Non-Metro,Master's, Executive ,4.164,7.32,"71,306.23"
532,On-Site,Non-Metro,Master's, Executive ,9.537,10,"83,495.55"
770,Remote,Non-Metro,Diploma, Executive ,9.736,7.56,"73,075.79"
1270,On-Site,Metro,Master's, Executive ,13.716,8.4,"88,457.90"
963,On-Site,Non-Metro,Bachelor's, Executive ,9.338,10,"78,372.69"
170,Remote,Metro,Master's, Executive ,6.95,6.24,"75,901.63"
1213,On-Site,Metro,Master's, Executive ,13.716,5.16,"80,765.13"
1054,On-Site,Metro,Master's, Manager ,12.721,8.64,"106,491.45"
845,On-Site,Metro,Master's, Executive ,6.154,9.36,"82,298.56"
919,Remote,Non-Metro,Master's, Executive ,5.159,10,"78,580.20"
1056,On-Site,Metro,Diploma, Executive ,6.95,9.6,"78,827.85"
1095,On-Site,Non-Metro,Master's, Executive ,7.149,9,"78,409.40"
197,Remote,Non-Metro,Master's, Executive ,5.557,7.68,"73,555.00"
658,Remote,Metro,Diploma, Executive ,6.154,6.24,"70,043.80"
338,Remote,Metro,Diploma, Executive ,13.119,10,"86,520.34"
1098,On-Site,Metro,Bachelor's, Executive ,13.716,5.64,"76,940.13"
729,Remote,Non-Metro,Master's, Executive ,12.522,5.16,"75,269.25"
432,Remote,Non-Metro,Diploma, Executive ,9.736,6.48,"70,399.01"
1276,On-Site,Metro,Master's, Executive ,6.154,9.84,"83,304.14"
528,Remote,Non-Metro,Master's, Executive ,11.527,9.12,"83,351.55"
750,On-Site,Metro,Diploma, Executive ,8.343,6.36,"72,610.67"
1257,Remote,Non-Metro,Diploma, Executive ,3.965,9.12,"70,155.98"
498,On-Site,Metro,Master's, Executive ,7.945,8.4,"81,828.13"
1073,Remote,Metro,Diploma, Executive ,8.741,5.52,"71,032.18"
131,On-Site,Non-Metro,Master's, Executive ,10.731,10,"84,465.95"
1217,Remote,Metro,Bachelor's, Executive ,12.92,7.8,"80,932.59"
1287,On-Site,Non-Metro,Master's, Executive ,5.159,6.36,"69,809.31"
710,On-Site,Non-Metro,Master's, Executive ,11.726,7.32,"79,211.00"
1283,On-Site,Non-Metro,Master's, Manager ,8.741,5.16,"89,454.28"
1310,Remote,Metro,Master's, Executive ,7.746,7.92,"80,314.87"
21,On-Site,Non-Metro,Master's, Executive ,9.139,10,"82,577.93"
317,On-Site,Metro,Diploma, Executive ,9.338,9,"79,656.16"
722,Remote,Metro,Master's, Executive ,7.746,9.36,"83,624.25"
765,On-Site,Non-Metro,Master's, Executive ,8.741,8.4,"78,333.55"
1144,Remote,Metro,Bachelor's, Executive ,11.726,7.68,"79,138.67"
445,Remote,Metro,Diploma, Manager ,11.925,9.72,"102,662.63"
340,On-Site,Non-Metro,Bachelor's, Executive ,13.318,8.52,"78,708.54"
468,Remote,Non-Metro,Diploma, Executive ,10.333,9.72,"78,224.27"
194,On-Site,Non-Metro,Diploma, Executive ,6.353,9.72,"73,871.40"
1269,On-Site,Non-Metro,Master's, Executive ,12.92,5.4,"75,808.74"
165,On-Site,Metro,Diploma, Executive ,12.323,7.44,"79,128.30"
105,Remote,Non-Metro,Master's, Executive ,7.348,7.08,"73,599.46"
482,On-Site,Metro,Bachelor's, Executive ,5.955,8.88,"75,490.52"
223,On-Site,Metro,Master's, Executive ,8.144,6.84,"77,982.87"
226,Remote,Metro,Bachelor's, Executive ,13.318,9.6,"85,153.84"
886,On-Site,Metro,Bachelor's, Manager ,7.945,6.84,"91,365.39"
174,Remote,Non-Metro,Master's, Executive ,8.542,7.2,"75,101.34"
1115,On-Site,Metro,Master's, Executive ,13.915,5.76,"81,691.52"
661,Remote,Metro,Bachelor's, Executive ,6.154,7.44,"72,284.60"
1307,On-Site,Non-Metro,Master's, Manager ,12.323,6.48,"96,015.37"
437,On-Site,Metro,Master's, Executive ,11.925,5.64,"79,190.42"
732,Remote,Metro,Master's, Executive ,10.532,9.36,"86,264.32"
286,On-Site,Metro,Bachelor's, Executive ,11.328,8.52,"80,325.46"
774,On-Site,Non-Metro,Diploma, Manager ,4.363,5.28,"79,595.02"
788,On-Site,Metro,Diploma, Executive ,7.149,5.52,"68,792.91"
996,Remote,Non-Metro,Master's, Executive ,4.363,7.68,"71,518.19"
408,Remote,Non-Metro,Master's, Executive ,10.731,8.64,"80,661.95"
67,Remote,Non-Metro,Master's, Executive ,5.358,10,"77,964.55"
989,On-Site,Metro,Master's, Executive ,11.925,7.08,"82,373.63"
1334,Remote,Metro,Diploma, Executive ,10.532,9,"80,474.80"
953,Remote,Non-Metro,Diploma, Executive ,5.358,6.6,"65,197.72"
256,On-Site,Non-Metro,Master's, Executive ,10.333,9.6,"82,413.69"
576,Remote,Non-Metro,Diploma, Executive ,4.164,9.96,"71,678.58"
858,On-Site,Metro,Diploma, Manager ,4.96,6,"85,853.60"
1305,Remote,Metro,Master's, Manager ,11.527,8.04,"102,553.58"
1323,On-Site,Metro,Bachelor's, Executive ,12.323,10,"84,679.27"
518,Remote,Metro,Diploma, Executive ,4.562,8.4,"72,527.36"
1204,On-Site,Metro,Master's, Executive ,13.318,9.12,"88,526.20"
1221,Remote,Non-Metro,Master's, Executive ,12.124,6.6,"77,309.67"
671,On-Site,Metro,Bachelor's, Executive ,13.119,6.6,"77,618.80"
549,On-Site,Non-Metro,Master's, Executive ,9.935,6,"73,516.60"
357,On-Site,Metro,Bachelor's, Executive ,7.348,8.52,"75,769.99"
1114,On-Site,Non-Metro,Diploma, Executive ,12.124,6.36,"71,864.47"
210,Remote,Metro,Master's, Executive ,4.164,7.8,"75,460.51"
1162,On-Site,Metro,Bachelor's, Executive ,11.925,7.08,"77,372.37"
982,On-Site,Metro,Master's, Executive ,13.716,7.08,"84,108.53"
1281,On-Site,Non-Metro,Bachelor's, Executive ,5.358,8.76,"70,021.36"
6,Remote,Non-Metro,Bachelor's, Executive ,11.527,6.72,"71,907.29"
694,On-Site,Metro,Diploma, Executive ,8.741,5.88,"71,000.48"
502,Remote,Metro,Master's, Executive ,6.353,8.16,"78,477.65"
1278,Remote,Non-Metro,Diploma, Executive ,11.328,6.84,"71,917.78"
1226,On-Site,Non-Metro,Bachelor's, Executive ,10.134,6.96,"70,886.88"
1245,Remote,Metro,Bachelor's, Executive ,10.333,5.16,"70,985.53"
815,On-Site,Metro,Bachelor's, Executive ,12.721,7.32,"78,555.06"
319,On-Site,Non-Metro,Diploma, Executive ,11.726,8.28,"75,629.97"
1036,Remote,Non-Metro,Master's, Executive ,11.129,9.48,"82,563.12"
1280,Remote,Non-Metro,Diploma, Executive ,4.562,6,"62,581.86"
171,Remote,Metro,Bachelor's, Executive ,5.955,10,"77,353.49"
78,Remote,Metro,Bachelor's, Executive ,13.716,5.52,"75,398.62"
217,Remote,Non-Metro,Diploma, Executive ,11.129,9.36,"77,402.52"
206,On-Site,Non-Metro,Master's, Executive ,8.343,6.36,"72,235.73"
1049,Remote,Non-Metro,Diploma, Executive ,11.527,6,"70,019.41"
371,Remote,Non-Metro,Diploma, Executive ,6.95,10,"74,294.32"
1184,Remote,Non-Metro,Master's, Executive ,13.517,8.76,"83,330.40"
1076,Remote,Non-Metro,Bachelor's, Executive ,11.129,6.84,"71,513.90"
1294,Remote,Metro,Diploma, Executive ,10.134,8.52,"78,356.17"
1164,On-Site,Non-Metro,Master's, Executive ,4.363,5.16,"65,127.39"
1134,Remote,Non-Metro,Diploma, Executive ,9.537,9.24,"75,311.29"
360,Remote,Non-Metro,Bachelor's, Executive ,12.522,5.16,"69,115.72"
187,Remote,Non-Metro,Bachelor's, Executive ,9.338,6.12,"67,888.76"
977,On-Site,Metro,Bachelor's, Executive ,4.363,8.76,"72,621.74"
181,On-Site,Metro,Diploma, Executive ,13.716,9.96,"85,439.44"
1249,Remote,Non-Metro,Bachelor's, Executive ,6.154,5.16,"62,184.75"
104,Remote,Non-Metro,Bachelor's, Manager ,9.537,10,"95,257.12"
941,Remote,Metro,Bachelor's, Executive ,13.318,5.16,"73,918.01"
385,Remote,Metro,Master's, Executive ,8.741,8.28,"80,957.71"
585,Remote,Metro,Master's, Executive ,10.333,5.28,"75,759.78"
1263,Remote,Non-Metro,Bachelor's, Executive ,12.124,7.92,"74,902.09"
321,On-Site,Metro,Diploma, Executive ,5.557,7.08,"69,919.98"
49,Remote,Non-Metro,Bachelor's, Executive ,6.95,10,"74,090.89"
1139,On-Site,Metro,Bachelor's, Executive ,7.746,6.96,"71,977.04"
1072,Remote,Metro,Master's, Executive ,7.746,10,"83,748.63"
583,On-Site,Metro,Bachelor's, Executive ,6.751,7.68,"72,548.42"
183,On-Site,Metro,Master's, Executive ,6.751,5.64,"72,632.81"
563,Remote,Metro,Master's, Executive ,13.517,6.24,"81,246.75"
590,On-Site,Non-Metro,Bachelor's, Executive ,12.721,7.56,"74,600.99"
724,Remote,Metro,Master's, Executive ,6.552,5.28,"71,533.36"
1068,Remote,Metro,Master's, Executive ,4.96,7.68,"75,263.52"
271,Remote,Metro,Bachelor's, Executive ,7.945,5.16,"67,871.58"
12,On-Site,Non-Metro,Bachelor's, Manager ,10.134,10,"95,504.19"
1202,Remote,Metro,Diploma, Executive ,11.328,8.52,"79,180.33"
47,Remote,Non-Metro,Master's, Executive ,11.328,5.16,"72,174.29"
653,Remote,Non-Metro,Bachelor's, Executive ,12.323,8.76,"76,661.33"
433,On-Site,Metro,Master's, Executive ,12.522,8.04,"83,982.63"
347,On-Site,Metro,Bachelor's, Executive ,8.343,6.96,"72,262.69"
327,Remote,Non-Metro,Bachelor's, Executive ,10.731,6.24,"69,158.53"
41,Remote,Non-Metro,Master's, Executive ,5.159,5.88,"67,133.96"
881,Remote,Metro,Master's, Executive ,11.328,5.64,"77,206.83"
458,Remote,Non-Metro,Diploma, Executive ,11.328,9.84,"78,031.55"
524,On-Site,Non-Metro,Bachelor's, Executive ,8.144,7.56,"69,397.94"
882,On-Site,Metro,Diploma, Executive ,12.323,5.76,"73,729.57"
1284,On-Site,Metro,Bachelor's, Executive ,5.358,5.16,"64,887.17"
234,On-Site,Metro,Master's, Executive ,8.94,10,"84,541.83"
929,On-Site,Non-Metro,Bachelor's, Executive ,12.124,10,"79,173.94"
607,Remote,Non-Metro,Master's, Executive ,5.955,6.24,"68,729.16"
304,Remote,Non-Metro,Bachelor's, Executive ,11.925,6.36,"70,565.91"
495,Remote,Metro,Master's, Manager ,13.119,5.52,"96,791.92"
642,On-Site,Metro,Diploma, Manager ,11.129,8.04,"95,609.23"
434,Remote,Non-Metro,Master's, Executive ,6.154,10,"77,398.31"
1003,On-Site,Metro,Master's, Executive ,4.761,5.88,"70,510.39"
890,Remote,Metro,Diploma, Executive ,10.731,9.84,"81,127.83"
324,Remote,Metro,Master's, Executive ,6.154,9.84,"80,993.97"
146,On-Site,Non-Metro,Bachelor's, Executive ,8.94,6.48,"67,547.65"
17,Remote,Non-Metro,Master's, Executive ,6.552,9.24,"76,038.34"
1014,Remote,Metro,Diploma, Executive ,9.935,8.76,"77,801.37"
436,On-Site,Metro,Bachelor's, Executive ,6.552,10,"76,986.32"
336,Remote,Metro,Master's, Executive ,9.338,10,"84,696.01"
9,Remote,Metro,Master's, Executive ,4.96,7.44,"74,159.30"
676,Remote,Metro,Diploma, Executive ,10.93,8.4,"77,955.60"
1293,On-Site,Metro,Bachelor's, Executive ,9.736,5.52,"70,118.08"
699,On-Site,Metro,Diploma, Executive ,13.318,9.72,"83,497.73"
552,Remote,Non-Metro,Bachelor's, Executive ,4.96,6.84,"64,020.47"
895,Remote,Metro,Master's, Executive ,4.761,10,"79,708.59"
213,Remote,Metro,Diploma, Executive ,10.134,5.88,"71,307.07"
978,On-Site,Metro,Bachelor's, Executive ,7.547,6.12,"69,093.44"
646,On-Site,Metro,Master's, Executive ,4.761,8.76,"76,860.66"
1148,Remote,Non-Metro,Diploma, Executive ,4.363,5.4,"60,050.93"
273,Remote,Metro,Diploma, Executive ,9.935,7.92,"75,705.69"
813,On-Site,Metro,Bachelor's, Executive ,12.124,9.48,"81,576.28"
586,On-Site,Non-Metro,Bachelor's, Executive ,13.318,6.96,"73,115.12"
969,On-Site,Metro,Master's, Executive ,7.547,5.52,"72,409.20"
399,On-Site,Metro,Master's, Executive ,10.532,10,"85,690.03"
268,Remote,Non-Metro,Master's, Executive ,13.517,10,"84,876.22"
787,On-Site,Metro,Master's, Executive ,11.328,10,"86,504.78"
546,On-Site,Metro,Diploma, Manager ,8.144,8.88,"93,872.70"
513,Remote,Metro,Master's, Executive ,4.363,9.12,"77,066.70"
547,On-Site,Metro,Master's, Executive ,5.756,6.36,"72,275.70"
816,On-Site,Non-Metro,Bachelor's, Executive ,6.95,5.4,"62,642.11"
134,Remote,Metro,Diploma, Executive ,11.527,5.28,"71,197.72"
1082,On-Site,Metro,Diploma, Executive ,12.124,6.84,"75,345.94"
107,On-Site,Non-Metro,Master's, Executive ,10.731,5.28,"71,070.88"
33,Remote,Non-Metro,Master's, Executive ,11.925,5.28,"72,323.14"
232,On-Site,Non-Metro,Bachelor's, Executive ,5.358,10,"71,327.71"
1214,Remote,Non-Metro,Master's, Executive ,5.557,9.24,"74,525.27"
449,On-Site,Non-Metro,Master's, Executive ,12.721,7.8,"78,831.83"
101,Remote,Non-Metro,Master's, Executive ,6.353,7.92,"72,338.89"
837,On-Site,Metro,Master's, Executive ,9.935,7.32,"78,745.58"
640,Remote,Metro,Bachelor's, Executive ,4.562,9.72,"73,751.62"
351,On-Site,Non-Metro,Diploma, Executive ,10.93,9.84,"76,795.15"
334,Remote,Non-Metro,Master's, Executive ,13.119,9.72,"83,553.23"
507,On-Site,Metro,Diploma, Executive ,4.363,5.64,"64,284.46"
1052,On-Site,Metro,Master's, Executive ,8.144,10,"82,856.66"
1279,Remote,Metro,Master's, Manager ,8.343,7.68,"95,766.55"
209,On-Site,Non-Metro,Master's, Executive ,12.721,10,"83,704.09"
175,On-Site,Non-Metro,Diploma, Executive ,6.95,5.88,"63,531.63"
605,On-Site,Non-Metro,Diploma, Manager ,7.547,5.28,"80,761.97"
1160,Remote,Non-Metro,Master's, Executive ,12.522,6.84,"76,297.81"
259,Remote,Metro,Diploma, Executive ,10.93,9.12,"79,000.38"
715,On-Site,Non-Metro,Master's, Executive ,5.955,5.88,"67,143.12"
1274,On-Site,Metro,Bachelor's, Executive ,9.338,7.2,"72,948.40"
285,Remote,Non-Metro,Master's, Executive ,12.92,9.24,"82,067.79"
1116,Remote,Metro,Bachelor's, Executive ,8.542,9.6,"77,480.46"
987,Remote,Metro,Diploma, Executive ,5.358,8.16,"70,857.62"
849,Remote,Non-Metro,Master's, Executive ,5.756,6.24,"67,656.95"
1176,Remote,Non-Metro,Master's, Executive ,8.542,5.64,"69,238.50"
1194,On-Site,Non-Metro,Diploma, Executive ,4.164,8.76,"66,946.01"
920,On-Site,Non-Metro,Bachelor's, Executive ,12.92,7.2,"72,675.34"
951,On-Site,Metro,Master's, Executive ,4.363,9.84,"78,253.51"
973,On-Site,Non-Metro,Diploma, Executive ,13.716,5.64,"69,982.58"
874,Remote,Metro,Master's, Executive ,9.736,8.16,"80,106.90"
925,Remote,Metro,Master's, Executive ,7.149,8.16,"77,350.13"
1161,On-Site,Non-Metro,Diploma, Executive ,10.134,8.16,"71,829.26"
705,Remote,Non-Metro,Diploma, Executive ,7.547,8.64,"70,158.76"
97,Remote,Non-Metro,Master's, Executive ,13.716,9.48,"83,256.49"
763,Remote,Metro,Master's, Manager ,9.338,6.96,"94,791.35"
188,On-Site,Non-Metro,Master's, Executive ,12.92,6.6,"75,903.25"
1122,On-Site,Metro,Bachelor's, Executive ,12.721,8.52,"79,271.97"
1233,Remote,Non-Metro,Diploma, Executive ,4.96,9.48,"69,294.69"
593,On-Site,Metro,Bachelor's, Executive ,7.746,5.4,"66,985.14"
325,Remote,Metro,Master's, Executive ,8.542,6.48,"74,938.74"
362,Remote,Metro,Master's, Executive ,11.527,7.2,"79,680.04"
864,On-Site,Non-Metro,Master's, Executive ,9.935,7.32,"74,315.18"
897,On-Site,Non-Metro,Master's, Manager ,9.139,8.16,"93,205.54"
1070,Remote,Non-Metro,Bachelor's, Executive ,10.532,9.48,"75,080.52"
615,Remote,Non-Metro,Bachelor's, Executive ,8.144,5.4,"63,383.41"
612,On-Site,Non-Metro,Master's, Executive ,3.965,7.56,"68,503.21"
320,On-Site,Metro,Master's, Executive ,10.731,6.84,"77,944.21"
798,Remote,Non-Metro,Master's, Executive ,7.348,6.6,"69,897.06"
779,On-Site,Metro,Bachelor's, Executive ,12.522,7.2,"75,943.05"
1018,On-Site,Non-Metro,Master's, Executive ,13.517,6.12,"75,275.07"
548,Remote,Non-Metro,Master's, Executive ,8.741,9.48,"77,776.22"
38,On-Site,Metro,Master's, Executive ,5.159,6.12,"70,394.65"
1150,Remote,Metro,Master's, Executive ,8.542,8.04,"78,259.58"
775,On-Site,Metro,Diploma, Executive ,12.124,7.92,"77,074.41"
682,On-Site,Metro,Master's, Executive ,5.756,5.28,"69,117.57"
656,On-Site,Non-Metro,Bachelor's, Manager ,12.92,9.24,"94,756.88"
819,Remote,Non-Metro,Master's, Manager ,6.154,8.64,"90,929.49"
413,On-Site,Non-Metro,Master's, Manager ,11.129,6.12,"90,495.65"
595,Remote,Metro,Bachelor's, Executive ,13.716,7.92,"78,677.16"
1183,On-Site,Non-Metro,Master's, Executive ,9.338,6,"70,494.34"
942,On-Site,Non-Metro,Bachelor's, Executive ,7.149,9,"70,241.23"
1042,On-Site,Metro,Master's, Executive ,13.716,5.16,"77,132.53"
332,Remote,Metro,Diploma, Manager ,9.736,9.24,"95,240.98"
917,Remote,Non-Metro,Diploma, Manager ,12.323,8.16,"91,591.81"
734,On-Site,Non-Metro,Master's, Executive ,5.358,8.76,"72,474.20"
1109,On-Site,Metro,Master's, Executive ,11.129,6.12,"76,499.27"
796,On-Site,Metro,Diploma, Manager ,13.119,6.24,"91,956.52"
148,Remote,Non-Metro,Bachelor's, Executive ,7.945,9.12,"71,240.13"
483,On-Site,Non-Metro,Bachelor's, Executive ,13.119,5.16,"67,787.91"
233,Remote,Non-Metro,Master's, Executive ,13.119,5.28,"72,712.20"
401,On-Site,Non-Metro,Master's, Executive ,7.149,9.12,"75,033.92"
262,On-Site,Non-Metro,Bachelor's, Manager ,12.124,5.4,"84,969.59"
76,Remote,Metro,Diploma, Executive ,5.358,9.84,"73,968.71"
1325,Remote,Metro,Diploma, Executive ,7.547,6.72,"69,257.25"
836,On-Site,Metro,Bachelor's, Executive ,7.149,8.04,"71,787.23"
520,Remote,Metro,Master's, Executive ,5.756,6.72,"72,019.30"
45,On-Site,Metro,Master's, Executive ,3.965,7.56,"71,998.93"
1108,Remote,Non-Metro,Diploma, Executive ,7.149,9,"69,966.57"
1201,On-Site,Metro,Diploma, Executive ,5.159,7.44,"68,318.37"
269,Remote,Metro,Master's, Executive ,8.94,8.4,"79,059.24"
1338,On-Site,Non-Metro,Diploma, Manager ,6.353,10,"89,093.66"
801,On-Site,Non-Metro,Bachelor's, Executive ,10.731,8.04,"71,461.27"
1126,Remote,Non-Metro,Diploma, Executive ,9.736,10,"74,758.85"
868,Remote,Metro,Master's, Executive ,8.144,9.84,"81,250.02"
26,Remote,Non-Metro,Bachelor's, Executive ,13.318,10,"78,426.27"
986,On-Site,Non-Metro,Master's, Executive ,3.965,8.28,"69,478.56"
1318,On-Site,Metro,Bachelor's, Executive ,7.746,5.16,"65,728.76"
821,On-Site,Metro,Master's, Executive ,9.935,8.4,"79,862.63"
557,On-Site,Metro,Master's, Executive ,12.721,8.52,"83,033.79"
130,Remote,Metro,Master's, Executive ,9.338,7.56,"77,353.01"
631,Remote,Metro,Master's, Executive ,3.965,9.36,"75,746.74"
611,On-Site,Non-Metro,Bachelor's, Executive ,5.756,8.64,"67,457.59"
1247,Remote,Non-Metro,Master's, Executive ,12.323,8.4,"78,370.04"
1282,On-Site,Non-Metro,Diploma, Manager ,11.527,8.64,"91,109.55"
123,Remote,Non-Metro,Diploma, Executive ,12.522,5.4,"67,222.19"
376,On-Site,Non-Metro,Diploma, Manager ,9.537,5.76,"82,556.71"
1206,On-Site,Metro,Diploma, Executive ,12.124,7.2,"74,688.75"
62,Remote,Metro,Bachelor's, Executive ,8.542,6,"68,287.71"
450,On-Site,Metro,Master's, Executive ,11.925,7.2,"79,105.19"
721,Remote,Non-Metro,Master's, Executive ,4.363,9.12,"71,593.18"
1328,Remote,Metro,Bachelor's, Executive ,7.746,9.12,"74,351.13"
608,On-Site,Non-Metro,Diploma, Manager ,10.532,10,"92,945.26"
558,On-Site,Metro,Bachelor's, Executive ,4.363,7.08,"66,264.93"
863,Remote,Non-Metro,Diploma, Executive ,5.756,9.6,"69,397.08"
536,On-Site,Metro,Master's, Executive ,3.965,7.56,"71,512.86"
772,On-Site,Non-Metro,Master's, Executive ,7.945,9.36,"75,734.23"
1246,On-Site,Metro,Master's, Executive ,4.761,6.36,"69,637.40"
69,On-Site,Non-Metro,Bachelor's, Executive ,6.353,7.8,"65,933.00"
337,Remote,Metro,Bachelor's, Executive ,4.164,10,"72,414.47"
476,On-Site,Metro,Diploma, Manager ,5.955,10,"91,845.65"
298,Remote,Metro,Bachelor's, Manager ,11.129,8.64,"94,167.15"
1296,Remote,Metro,Master's, Executive ,4.363,5.4,"66,956.69"
1117,On-Site,Metro,Master's, Executive ,7.348,7.92,"75,621.51"
579,Remote,Metro,Master's, Executive ,10.333,9.24,"81,629.31"
1051,Remote,Non-Metro,Diploma, Executive ,7.945,8.28,"68,528.90"
915,On-Site,Metro,Diploma, Executive ,8.542,6.96,"70,100.67"
660,Remote,Non-Metro,Master's, Executive ,4.363,9.84,"72,871.35"
799,Remote,Non-Metro,Master's, Executive ,6.95,9.96,"75,807.89"
684,Remote,Metro,Diploma, Executive ,10.532,9.36,"77,416.51"
297,Remote,Metro,Master's, Manager ,8.741,5.28,"88,693.59"
581,Remote,Metro,Master's, Executive ,3.965,10,"76,598.85"
1168,On-Site,Non-Metro,Master's, Executive ,8.94,6.48,"70,068.81"
96,Remote,Non-Metro,Bachelor's, Executive ,10.93,6.36,"67,243.61"
614,On-Site,Non-Metro,Master's, Executive ,10.134,7.08,"72,599.79"
515,On-Site,Metro,Master's, Manager ,6.751,7.68,"91,825.30"
1321,On-Site,Metro,Diploma, Executive ,6.353,6.72,"67,144.08"
1061,Remote,Metro,Bachelor's, Executive ,9.338,5.88,"68,370.68"
828,Remote,Metro,Master's, Manager ,11.328,7.32,"95,694.84"
663,Remote,Non-Metro,Master's, Executive ,7.945,6.84,"69,728.15"
151,Remote,Metro,Diploma, Executive ,12.92,7.2,"74,910.09"
812,Remote,Non-Metro,Diploma, Executive ,5.955,6.96,"63,318.12"
349,On-Site,Non-Metro,Bachelor's, Executive ,8.343,7.32,"66,572.99"
1131,On-Site,Non-Metro,Bachelor's, Executive ,8.542,7.68,"67,561.29"
1067,Remote,Metro,Bachelor's, Executive ,10.93,8.76,"76,261.82"
133,Remote,Non-Metro,Master's, Executive ,10.333,9.36,"77,687.17"
1173,Remote,Non-Metro,Bachelor's, Executive ,5.756,9.72,"69,156.76"
225,On-Site,Metro,Bachelor's, Manager ,11.925,8.04,"93,187.62"
136,On-Site,Non-Metro,Bachelor's, Executive ,5.159,5.64,"59,541.33"
1261,Remote,Non-Metro,Master's, Executive ,6.552,6.84,"68,202.85"
947,Remote,Metro,Master's, Executive ,6.751,8.04,"74,915.10"
503,Remote,Metro,Bachelor's, Manager ,8.741,9.12,"92,244.97"
1209,Remote,Non-Metro,Master's, Manager ,6.353,7.44,"86,790.75"
395,On-Site,Non-Metro,Master's, Executive ,12.124,8.52,"77,617.79"
999,On-Site,Non-Metro,Master's, Executive ,8.144,6.96,"70,061.91"
711,Remote,Metro,Bachelor's, Executive ,9.736,5.16,"67,010.09"
29,Remote,Metro,Diploma, Executive ,5.557,5.76,"64,022.84"
1046,Remote,Non-Metro,Diploma, Manager ,8.144,8.16,"85,580.91"
394,Remote,Metro,Master's, Executive ,7.149,8.88,"77,106.80"
691,On-Site,Metro,Master's, Executive ,12.92,5.52,"75,619.12"
393,On-Site,Metro,Master's, Executive ,9.338,8.76,"79,025.54"
125,On-Site,Non-Metro,Diploma, Executive ,9.537,8.64,"70,512.73"
541,On-Site,Non-Metro,Master's, Executive ,13.119,7.08,"75,351.11"
510,Remote,Non-Metro,Master's, Executive ,3.965,9.84,"71,982.46"
806,Remote,Non-Metro,Diploma, Executive ,9.935,8.4,"70,330.58"
759,On-Site,Metro,Master's, Executive ,13.716,6.6,"78,635.21"
237,Remote,Non-Metro,Bachelor's, Executive ,6.353,5.16,"59,478.23"
833,Remote,Non-Metro,Diploma, Executive ,11.726,6.36,"67,632.05"
601,On-Site,Non-Metro,Bachelor's, Executive ,7.746,5.16,"60,891.80"
1239,Remote,Metro,Master's, Executive ,6.751,7.44,"73,203.92"
490,On-Site,Metro,Diploma, Executive ,12.92,9.36,"79,168.32"
1012,On-Site,Metro,Bachelor's, Manager ,9.139,8.16,"90,046.25"
991,Remote,Non-Metro,Master's, Executive ,12.721,6.12,"72,564.93"
983,Remote,Metro,Master's, Manager ,9.139,6.72,"91,414.14"
865,On-Site,Metro,Master's, Executive ,6.95,9.12,"77,005.87"
761,On-Site,Non-Metro,Master's, Executive ,6.353,5.64,"64,898.22"
1230,On-Site,Metro,Master's, Executive ,10.93,9.96,"82,878.60"
416,On-Site,Non-Metro,Bachelor's, Executive ,5.358,8.16,"64,783.76"
191,Remote,Metro,Bachelor's, Executive ,10.532,10,"77,937.21"
486,On-Site,Non-Metro,Master's, Executive ,10.532,6.72,"71,472.46"
22,Remote,Non-Metro,Master's, Executive ,3.965,6.6,"64,479.98"
53,On-Site,Metro,Master's, Manager ,9.736,8.76,"96,294.78"
420,Remote,Non-Metro,Diploma, Manager ,4.562,10,"85,296.00"
1138,On-Site,Non-Metro,Diploma, Executive ,9.935,6.12,"64,911.59"
311,Remote,Metro,Master's, Executive ,6.95,9,"76,503.59"
745,Remote,Metro,Diploma, Executive ,6.154,9,"71,090.13"
1238,Remote,Non-Metro,Diploma, Executive ,12.323,9.96,"75,631.74"
479,On-Site,Metro,Bachelor's, Executive ,13.517,5.52,"70,981.30"
748,Remote,Metro,Diploma, Executive ,4.562,5.28,"61,302.18"
42,Remote,Non-Metro,Bachelor's, Executive ,13.119,6.72,"69,337.35"
267,Remote,Metro,Bachelor's, Manager ,5.955,7.8,"85,492.50"
1186,Remote,Metro,Master's, Executive ,3.965,8.4,"72,007.34"
462,On-Site,Metro,Master's, Manager ,6.751,8.04,"91,331.73"
545,On-Site,Metro,Diploma, Executive ,5.756,9.48,"71,606.49"
1267,Remote,Non-Metro,Master's, Executive ,10.532,9.6,"77,395.23"
8,On-Site,Non-Metro,Diploma, Executive ,8.144,7.44,"65,665.24"
1045,Remote,Metro,Master's, Executive ,8.542,9.6,"79,085.73"
673,On-Site,Metro,Bachelor's, Executive ,11.925,7.32,"72,913.67"
1275,Remote,Metro,Bachelor's, Manager ,13.318,6.12,"88,943.32"
928,On-Site,Non-Metro,Master's, Executive ,13.119,9.84,"80,288.89"
1266,On-Site,Metro,Bachelor's, Manager ,12.323,10,"96,325.65"
1083,On-Site,Metro,Diploma, Executive ,6.751,7.56,"68,156.45"
172,On-Site,Metro,Master's, Executive ,7.547,8.88,"76,343.76"
113,On-Site,Metro,Master's, Executive ,3.965,7.44,"69,575.98"
70,Remote,Metro,Bachelor's, Manager ,5.159,6.36,"81,079.82"
1253,Remote,Metro,Master's, Manager ,13.915,5.4,"92,391.74"
840,On-Site,Non-Metro,Diploma, Executive ,10.532,10,"73,386.56"
561,Remote,Non-Metro,Diploma, Executive ,7.348,8.52,"66,885.79"
577,Remote,Metro,Bachelor's, Executive ,9.935,5.64,"67,056.86"
1034,Remote,Metro,Master's, Manager ,11.129,5.16,"88,879.23"
190,On-Site,Non-Metro,Diploma, Executive ,4.96,6.48,"60,003.32"
57,Remote,Non-Metro,Master's, Executive ,7.348,9.96,"74,426.70"
448,On-Site,Non-Metro,Diploma, Executive ,7.547,9.72,"69,604.56"
727,On-Site,Metro,Diploma, Executive ,6.751,7.92,"68,696.29"
887,Remote,Metro,Master's, Manager ,10.93,9.84,"98,717.23"
1291,Remote,Non-Metro,Master's, Executive ,7.547,7.56,"69,411.94"
99,On-Site,Metro,Master's, Manager ,9.736,9.72,"97,225.25"
1210,Remote,Metro,Master's, Executive ,9.935,10,"80,867.12"
903,Remote,Metro,Master's, Executive ,4.363,6.12,"66,810.20"
530,On-Site,Metro,Master's, Executive ,11.925,5.16,"72,374.20"
746,Remote,Non-Metro,Diploma, Executive ,11.925,9,"72,345.02"
201,On-Site,Non-Metro,Diploma, Executive ,4.164,5.28,"56,477.52"
1016,Remote,Metro,Diploma, Executive ,11.328,10,"77,660.05"
1027,On-Site,Metro,Diploma, Manager ,6.552,5.28,"79,777.43"
245,Remote,Non-Metro,Master's, Manager ,8.542,10,"92,661.79"
901,Remote,Metro,Master's, Executive ,13.915,8.88,"82,309.61"
375,On-Site,Metro,Bachelor's, Executive ,5.159,5.4,"61,415.84"
870,Remote,Non-Metro,Master's, Executive ,11.925,6,"70,233.66"
454,Remote,Metro,Diploma, Executive ,6.353,5.4,"62,610.34"
910,On-Site,Non-Metro,Master's, Manager ,6.95,6.84,"84,078.88"
195,On-Site,Metro,Bachelor's, Executive ,7.149,5.16,"62,834.56"
1047,Remote,Non-Metro,Master's, Executive ,7.547,8.16,"70,275.82"
966,On-Site,Metro,Master's, Executive ,13.915,7.2,"78,376.03"
967,Remote,Metro,Diploma, Manager ,12.92,9.12,"94,058.97"
1240,On-Site,Non-Metro,Bachelor's, Executive ,9.935,6,"63,532.69"
1236,Remote,Metro,Diploma, Executive ,10.532,6.12,"68,066.49"
499,Remote,Non-Metro,Bachelor's, Executive ,4.761,8.28,"63,143.39"
621,Remote,Metro,Master's, Executive ,11.925,6.6,"74,939.95"
891,Remote,Non-Metro,Diploma, Manager ,4.562,10,"83,619.21"
500,Remote,Non-Metro,Master's, Executive ,4.761,10,"71,269.79"
1172,Remote,Non-Metro,Master's, Manager ,13.716,8.16,"93,304.50"
149,Remote,Non-Metro,Diploma, Executive ,4.761,9.36,"65,423.34"
1065,On-Site,Non-Metro,Master's, Executive ,12.323,6.48,"71,248.14"
281,On-Site,Non-Metro,Master's, Manager ,7.945,7.8,"86,607.12"
569,On-Site,Non-Metro,Master's, Executive ,6.552,8.88,"70,537.09"
862,On-Site,Non-Metro,Master's, Executive ,12.323,7.56,"73,483.72"
1033,On-Site,Non-Metro,Master's, Executive ,3.965,6.6,"63,036.54"
832,Remote,Non-Metro,Diploma, Executive ,10.731,7.32,"66,883.46"
695,Remote,Non-Metro,Master's, Executive ,4.761,6.24,"63,051.45"
143,Remote,Metro,Bachelor's, Manager ,5.358,7.08,"81,704.23"
1189,On-Site,Non-Metro,Master's, Manager ,5.756,8.16,"85,073.73"
145,Remote,Metro,Diploma, Manager ,12.124,6.6,"87,370.44"
1227,On-Site,Metro,Master's, Executive ,7.348,7.56,"72,133.02"
199,On-Site,Non-Metro,Diploma, Executive ,9.935,9.12,"69,767.74"
950,On-Site,Metro,Master's, Manager ,6.751,6,"84,939.11"
79,On-Site,Non-Metro,Master's, Executive ,13.517,5.64,"70,247.23"
71,On-Site,Non-Metro,Bachelor's, Manager ,10.731,6.24,"81,158.23"
1159,On-Site,Non-Metro,Master's, Executive ,13.517,5.4,"69,638.15"
1044,On-Site,Non-Metro,Master's, Executive ,4.761,6.36,"62,963.42"
1086,Remote,Non-Metro,Master's, Manager ,9.935,7.68,"87,719.62"
844,On-Site,Non-Metro,Bachelor's, Manager ,12.92,9.84,"90,745.50"
665,Remote,Non-Metro,Bachelor's, Manager ,8.741,10,"86,933.41"
1232,On-Site,Non-Metro,Master's, Manager ,7.348,5.4,"80,212.52"
65,Remote,Non-Metro,Diploma, Manager ,4.96,5.4,"73,269.96"
839,On-Site,Non-Metro,Master's, Executive ,8.343,7.2,"67,921.94"
940,On-Site,Metro,Bachelor's, Executive ,7.945,9.36,"71,349.22"
758,Remote,Non-Metro,Bachelor's, Manager ,10.532,8.64,"85,357.02"
154,On-Site,Non-Metro,Master's, Manager ,12.124,8.04,"89,841.02"
410,Remote,Metro,Bachelor's, Executive ,11.925,6.84,"69,442.66"
1,Remote,Non-Metro,Master's, Manager ,10.134,5.28,"81,691.38"
270,Remote,Metro,Master's, Executive ,6.154,8.88,"72,352.55"
471,Remote,Metro,Bachelor's, Executive ,13.915,6.24,"70,043.36"
118,On-Site,Non-Metro,Bachelor's, Manager ,4.96,6.48,"74,706.95"
639,On-Site,Metro,Master's, Manager ,6.353,7.68,"86,603.71"
731,Remote,Metro,Bachelor's, Manager ,8.741,7.2,"83,569.72"
556,On-Site,Metro,Master's, Executive ,11.527,6.36,"72,233.39"
936,Remote,Non-Metro,Master's, Executive ,7.149,10,"71,662.68"
618,Remote,Metro,Master's, Manager ,10.532,8.88,"92,532.53"
955,On-Site,Metro,Diploma, Manager ,8.144,7.08,"82,025.56"
443,On-Site,Metro,Bachelor's, Executive ,10.93,5.16,"64,260.32"
893,Remote,Metro,Master's, Executive ,9.139,9.48,"75,768.96"
1041,On-Site,Non-Metro,Diploma, Manager ,12.721,7.2,"83,021.31"
263,Remote,Metro,Master's, Manager ,8.542,9.24,"91,109.80"
208,Remote,Metro,Master's, Manager ,12.522,7.2,"90,743.34"
412,On-Site,Non-Metro,Master's, Manager ,4.761,8.28,"81,611.94"
728,On-Site,Non-Metro,Master's, Manager ,5.159,6.48,"78,275.50"
302,Remote,Non-Metro,Master's, Manager ,6.552,9.36,"85,571.08"
377,On-Site,Non-Metro,Master's, Manager ,9.139,7.68,"84,556.22"
995,Remote,Non-Metro,Diploma, Manager ,7.746,6.24,"75,821.76"
1178,On-Site,Non-Metro,Master's, Executive ,10.93,7.8,"69,920.23"
1031,On-Site,Non-Metro,Diploma, Manager ,7.547,8.52,"80,168.61"
75,On-Site,Metro,Master's, Executive ,8.343,8.28,"71,917.80"
1225,On-Site,Metro,Master's, Executive ,9.139,7.92,"71,899.60"
1171,Remote,Metro,Master's, Manager ,11.726,5.16,"84,905.06"
157,On-Site,Metro,Bachelor's, Manager ,9.537,8.76,"85,478.51"
1317,On-Site,Non-Metro,Master's, Executive ,4.96,5.28,"58,432.95"
751,On-Site,Non-Metro,Bachelor's, Manager ,9.736,7.44,"79,285.10"
976,Remote,Metro,Master's, Manager ,11.328,6.48,"86,510.71"
158,On-Site,Metro,Master's, Manager ,6.353,5.16,"78,804.37"
381,On-Site,Non-Metro,Master's, Manager ,7.348,6.24,"78,185.57"
418,Remote,Non-Metro,Master's, Manager ,10.731,7.32,"83,311.40"
363,Remote,Non-Metro,Master's, Manager ,4.96,5.28,"73,628.90"
794,On-Site,Metro,Bachelor's, Manager ,10.134,9.36,"86,023.52"
1113,Remote,Non-Metro,Bachelor's, Manager ,3.965,8.76,"75,431.47"
236,Remote,Non-Metro,Bachelor's, Manager ,12.522,7.8,"81,543.07"
1001,Remote,Metro,Diploma, Manager ,5.955,6.6,"76,214.17"
781,Remote,Metro,Master's, Manager ,12.721,6.6,"86,681.10"
466,Remote,Non-Metro,Bachelor's, Manager ,5.955,6.6,"72,621.02"
1322,Remote,Metro,Master's, Manager ,4.562,10,"85,788.92"
990,On-Site,Non-Metro,Master's, Manager ,4.363,5.88,"73,829.23"
86,On-Site,Metro,Diploma, Manager ,6.751,8.4,"80,416.63"
59,Remote,Non-Metro,Bachelor's, Manager ,4.363,9.36,"76,337.23"
855,Remote,Non-Metro,Master's, Manager ,9.935,8.88,"84,718.78"
251,Remote,Metro,Master's, Manager ,11.925,5.16,"82,490.31"
106,On-Site,Metro,Diploma, Manager ,6.353,5.4,"73,626.62"
800,Remote,Metro,Master's, Manager ,11.925,6.96,"85,937.98"
475,Remote,Metro,Master's, Manager ,5.955,9.48,"85,041.46"
100,On-Site,Metro,Master's, Manager ,6.154,7.56,"80,492.82"
161,On-Site,Non-Metro,Diploma, Manager ,6.154,8.04,"72,915.85"
594,Remote,Non-Metro,Master's, Manager ,10.93,5.52,"76,321.36"
1101,Remote,Non-Metro,Master's, Manager ,4.761,6.96,"73,365.56"
1315,Remote,Non-Metro,Diploma, Manager ,9.736,6.6,"72,955.82"
1177,Remote,Non-Metro,Diploma, Manager ,6.751,9.24,"75,335.95"
742,Remote,Metro,Bachelor's, Manager ,9.338,6.24,"74,623.18"
1180,On-Site,Metro,Bachelor's, Manager ,4.761,6.72,"71,364.35"
